Country,Category,DateTime,Value,Frequency,HistoricalDataSymbol,LastUpdate
Euro Area,Currency,2017-02-17T00:00:00,1.0611,Daily,EURUSD,2020-05-16T16:21:33.813
Euro Area,Currency,2017-02-19T00:00:00,1.0632,Daily,EURUSD,2020-05-16T16:21:33.813
Euro Area,Currency,2017-02-20T00:00:00,1.0609,Daily,EURUSD,2020-05-16T16:21:33.813
Euro Area,Currency,2017-02-21T00:00:00,1.0535,Daily,EURUSD,2020-05-16T16:21:33.813
Euro Area,Currency,2017-02-22T00:00:00,1.0555,Daily,EURUSD,2020-05-16T16:21:33.813
Euro Area,Currency,2017-02-23T00:00:00,1.0579,Daily,EURUSD,2020-05-16T16:21:33.813
Euro Area,Currency,2017-02-24T00:00:00,1.056,Daily,EURUSD,2020-05-16T16:21:33.813
Euro Area,Currency,2017-02-26T00:00:00,1.0553,Daily,EURUSD,2020-05-16T16:21:33.813
Euro Area,Currency,2017-02-27T00:00:00,1.0585,Daily,EURUSD,2020-05-16T16:21:33.813
Euro Area,Currency,2017-02-28T00:00:00,1.0575,Daily,EURUSD,2020-05-16T16:21:33.813
Euro Area,Currency,2017-03-01T00:00:00,1.0546,Daily,EURUSD,2020-05-16T16:21:33.813
Euro Area,Currency,2017-03-02T00:00:00,1.0506,Daily,EURUSD,2020-05-16T16:21:33.813
Euro Area,Currency,2017-03-03T00:00:00,1.062,Daily,EURUSD,2020-05-16T16:21:33.813
Euro Area,Currency,2017-03-05T00:00:00,1.0617,Daily,EURUSD,2020-05-16T16:21:33.813
Euro Area,Currency,2017-03-06T00:00:00,1.0578,Daily,EURUSD,2020-05-16T16:21:33.813
Euro Area,Currency,2017-03-07T00:00:00,1.0565,Daily,EURUSD,2020-05-16T16:21:33.813
Euro Area,Currency,2017-03-08T00:00:00,1.0539,Daily,EURUSD,2020-05-16T16:21:33.813
Euro Area,Currency,2017-03-09T00:00:00,1.0575,Daily,EURUSD,2020-05-16T16:21:33.813
Euro Area,Currency,2017-03-10T00:00:00,1.0669,Daily,EURUSD,2020-05-16T16:21:33.813
Euro Area,Currency,2017-03-12T00:00:00,1.0686,Daily,EURUSD,2020-05-16T16:21:33.813
Euro Area,Currency,2017-03-13T00:00:00,1.0653,Daily,EURUSD,2020-05-16T16:21:33.813
Euro Area,Currency,2017-03-14T00:00:00,1.0602,Daily,EURUSD,2020-05-16T16:21:33.813
Euro Area,Currency,2017-03-15T00:00:00,1.0732,Daily,EURUSD,2020-05-16T16:21:33.813
Euro Area,Currency,2017-03-16T00:00:00,1.0764,Daily,EURUSD,2020-05-16T16:21:33.813
Euro Area,Currency,2017-03-17T00:00:00,1.0736,Daily,EURUSD,2020-05-16T16:21:33.813
Euro Area,Currency,2017-03-19T00:00:00,1.0742,Daily,EURUSD,2020-05-16T16:21:33.813
Euro Area,Currency,2017-03-20T00:00:00,1.0737,Daily,EURUSD,2020-05-16T16:21:33.813
Euro Area,Currency,2017-03-21T00:00:00,1.0808,Daily,EURUSD,2020-05-16T16:21:33.813
Euro Area,Currency,2017-03-22T00:00:00,1.0795,Daily,EURUSD,2020-05-16T16:21:33.813
Euro Area,Currency,2017-03-23T00:00:00,1.078,Daily,EURUSD,2020-05-16T16:21:33.813
Euro Area,Currency,2017-03-24T00:00:00,1.0797,Daily,EURUSD,2020-05-16T16:21:33.813
Euro Area,Currency,2017-03-26T00:00:00,1.0847,Daily,EURUSD,2020-05-16T16:21:33.813
Euro Area,Currency,2017-03-27T00:00:00,1.0864,Daily,EURUSD,2020-05-16T16:21:33.813
Euro Area,Currency,2017-03-28T00:00:00,1.0812,Daily,EURUSD,2020-05-16T16:21:33.813
Euro Area,Currency,2017-03-29T00:00:00,1.0766,Daily,EURUSD,2020-05-16T16:21:33.813
Euro Area,Currency,2017-03-30T00:00:00,1.0674,Daily,EURUSD,2020-05-16T16:21:33.813
Euro Area,Currency,2017-03-31T00:00:00,1.0649,Daily,EURUSD,2020-05-16T16:21:33.813
Euro Area,Currency,2017-04-02T00:00:00,1.067,Daily,EURUSD,2020-05-16T16:21:33.813
Euro Area,Currency,2017-04-03T00:00:00,1.0668,Daily,EURUSD,2020-05-16T16:21:33.813
Euro Area,Currency,2017-04-04T00:00:00,1.0672,Daily,EURUSD,2020-05-16T16:21:33.813
Euro Area,Currency,2017-04-05T00:00:00,1.0662,Daily,EURUSD,2020-05-16T16:21:33.813
Euro Area,Currency,2017-04-06T00:00:00,1.0642,Daily,EURUSD,2020-05-16T16:21:33.813
Euro Area,Currency,2017-04-07T00:00:00,1.0588,Daily,EURUSD,2020-05-16T16:21:33.813
Euro Area,Currency,2017-04-10T00:00:00,1.0593,Daily,EURUSD,2020-05-16T16:21:33.813
Euro Area,Currency,2017-04-11T00:00:00,1.0602,Daily,EURUSD,2020-05-16T16:21:33.813
Euro Area,Currency,2017-04-12T00:00:00,1.0664,Daily,EURUSD,2020-05-16T16:21:33.813
Euro Area,Currency,2017-04-13T00:00:00,1.0612,Daily,EURUSD,2020-05-16T16:21:33.813
Euro Area,Currency,2017-04-14T00:00:00,1.0609,Daily,EURUSD,2020-05-16T16:21:33.813
Euro Area,Currency,2017-04-16T00:00:00,1.061,Daily,EURUSD,2020-05-16T16:21:33.813
Euro Area,Currency,2017-04-17T00:00:00,1.064,Daily,EURUSD,2020-05-16T16:21:33.813
Euro Area,Currency,2017-04-18T00:00:00,1.0732,Daily,EURUSD,2020-05-16T16:21:33.813
Euro Area,Currency,2017-04-19T00:00:00,1.0709,Daily,EURUSD,2020-05-16T16:21:33.813
Euro Area,Currency,2017-04-20T00:00:00,1.0714,Daily,EURUSD,2020-05-16T16:21:33.813
Euro Area,Currency,2017-04-21T00:00:00,1.0726,Daily,EURUSD,2020-05-16T16:21:33.813
Euro Area,Currency,2017-04-23T00:00:00,1.0867,Daily,EURUSD,2020-05-16T16:21:33.813
Euro Area,Currency,2017-04-24T00:00:00,1.0867,Daily,EURUSD,2020-05-16T16:21:33.813
Euro Area,Currency,2017-04-25T00:00:00,1.0925,Daily,EURUSD,2020-05-16T16:21:33.813
Euro Area,Currency,2017-04-26T00:00:00,1.0903,Daily,EURUSD,2020-05-16T16:21:33.813
Euro Area,Currency,2017-04-27T00:00:00,1.0872,Daily,EURUSD,2020-05-16T16:21:33.813
Euro Area,Currency,2017-04-28T00:00:00,1.0895,Daily,EURUSD,2020-05-16T16:21:33.813
Euro Area,Currency,2017-04-30T00:00:00,1.091,Daily,EURUSD,2020-05-16T16:21:33.813
Euro Area,Currency,2017-05-01T00:00:00,1.0898,Daily,EURUSD,2020-05-16T16:21:33.813
Euro Area,Currency,2017-05-02T00:00:00,1.0927,Daily,EURUSD,2020-05-16T16:21:33.813
Euro Area,Currency,2017-05-03T00:00:00,1.0882,Daily,EURUSD,2020-05-16T16:21:33.813
Euro Area,Currency,2017-05-04T00:00:00,1.0984,Daily,EURUSD,2020-05-16T16:21:33.813
Euro Area,Currency,2017-05-05T00:00:00,1.0995,Daily,EURUSD,2020-05-16T16:21:33.813
Euro Area,Currency,2017-05-07T00:00:00,1.0981,Daily,EURUSD,2020-05-16T16:21:33.813
Euro Area,Currency,2017-05-08T00:00:00,1.0922,Daily,EURUSD,2020-05-16T16:21:33.813
Euro Area,Currency,2017-05-09T00:00:00,1.0872,Daily,EURUSD,2020-05-16T16:21:33.813
Euro Area,Currency,2017-05-10T00:00:00,1.0867,Daily,EURUSD,2020-05-16T16:21:33.813
Euro Area,Currency,2017-05-11T00:00:00,1.0862,Daily,EURUSD,2020-05-16T16:21:33.813
Euro Area,Currency,2017-05-12T00:00:00,1.0929,Daily,EURUSD,2020-05-16T16:21:33.813
Euro Area,Currency,2017-05-14T00:00:00,1.0926,Daily,EURUSD,2020-05-16T16:21:33.813
Euro Area,Currency,2017-05-15T00:00:00,1.098,Daily,EURUSD,2020-05-16T16:21:33.813
Euro Area,Currency,2017-05-16T00:00:00,1.1092,Daily,EURUSD,2020-05-16T16:21:33.813
Euro Area,Currency,2017-05-17T00:00:00,1.1151,Daily,EURUSD,2020-05-16T16:21:33.813
Euro Area,Currency,2017-05-18T00:00:00,1.111,Daily,EURUSD,2020-05-16T16:21:33.813
Euro Area,Currency,2017-05-19T00:00:00,1.1201,Daily,EURUSD,2020-05-16T16:21:33.813
Euro Area,Currency,2017-05-21T00:00:00,1.1201,Daily,EURUSD,2020-05-16T16:21:33.813
Euro Area,Currency,2017-05-22T00:00:00,1.1237,Daily,EURUSD,2020-05-16T16:21:33.813
Euro Area,Currency,2017-05-23T00:00:00,1.1175,Daily,EURUSD,2020-05-16T16:21:33.813
Euro Area,Currency,2017-05-24T00:00:00,1.1229,Daily,EURUSD,2020-05-16T16:21:33.813
Euro Area,Currency,2017-05-25T00:00:00,1.121,Daily,EURUSD,2020-05-16T16:21:33.813
Euro Area,Currency,2017-05-26T00:00:00,1.1182,Daily,EURUSD,2020-05-16T16:21:33.813
Euro Area,Currency,2017-05-28T00:00:00,1.1176,Daily,EURUSD,2020-05-16T16:21:33.813
Euro Area,Currency,2017-05-29T00:00:00,1.1127,Daily,EURUSD,2020-05-16T16:21:33.813
Euro Area,Currency,2017-05-30T00:00:00,1.1173,Daily,EURUSD,2020-05-16T16:21:33.813
Euro Area,Currency,2017-05-31T00:00:00,1.1239,Daily,EURUSD,2020-05-16T16:21:33.813
Euro Area,Currency,2017-06-01T00:00:00,1.1213,Daily,EURUSD,2020-05-16T16:21:33.813
Euro Area,Currency,2017-06-02T00:00:00,1.1274,Daily,EURUSD,2020-05-16T16:21:33.813
Euro Area,Currency,2017-06-04T00:00:00,1.1277,Daily,EURUSD,2020-05-16T16:21:33.813
Euro Area,Currency,2017-06-05T00:00:00,1.1257,Daily,EURUSD,2020-05-16T16:21:33.813
Euro Area,Currency,2017-06-06T00:00:00,1.127,Daily,EURUSD,2020-05-16T16:21:33.813
Euro Area,Currency,2017-06-07T00:00:00,1.1256,Daily,EURUSD,2020-05-16T16:21:33.813
Euro Area,Currency,2017-06-08T00:00:00,1.1189,Daily,EURUSD,2020-05-16T16:21:33.813
Euro Area,Currency,2017-06-09T00:00:00,1.1192,Daily,EURUSD,2020-05-16T16:21:33.813
Euro Area,Currency,2017-06-11T00:00:00,1.1202,Daily,EURUSD,2020-05-16T16:21:33.813
Euro Area,Currency,2017-06-12T00:00:00,1.1197,Daily,EURUSD,2020-05-16T16:21:33.813
Euro Area,Currency,2017-06-13T00:00:00,1.1209,Daily,EURUSD,2020-05-16T16:21:33.813
Euro Area,Currency,2017-06-14T00:00:00,1.1213,Daily,EURUSD,2020-05-16T16:21:33.813
Euro Area,Currency,2017-06-15T00:00:00,1.1149,Daily,EURUSD,2020-05-16T16:21:33.813
Euro Area,Currency,2017-06-16T00:00:00,1.1197,Daily,EURUSD,2020-05-16T16:21:33.813
Euro Area,Currency,2017-06-18T00:00:00,1.1204,Daily,EURUSD,2020-05-16T16:21:33.813
Euro Area,Currency,2017-06-19T00:00:00,1.1142,Daily,EURUSD,2020-05-16T16:21:33.813
Euro Area,Currency,2017-06-20T00:00:00,1.1134,Daily,EURUSD,2020-05-16T16:21:33.813
Euro Area,Currency,2017-06-21T00:00:00,1.1166,Daily,EURUSD,2020-05-16T16:21:33.813
Euro Area,Currency,2017-06-22T00:00:00,1.115,Daily,EURUSD,2020-05-16T16:21:33.813
Euro Area,Currency,2017-06-23T00:00:00,1.1192,Daily,EURUSD,2020-05-16T16:21:33.813
Euro Area,Currency,2017-06-25T00:00:00,1.1197,Daily,EURUSD,2020-05-16T16:21:33.813
Euro Area,Currency,2017-06-26T00:00:00,1.1179,Daily,EURUSD,2020-05-16T16:21:33.813
Euro Area,Currency,2017-06-27T00:00:00,1.1337,Daily,EURUSD,2020-05-16T16:21:33.813
Euro Area,Currency,2017-06-28T00:00:00,1.1376,Daily,EURUSD,2020-05-16T16:21:33.813
Euro Area,Currency,2017-06-29T00:00:00,1.144,Daily,EURUSD,2020-05-16T16:21:33.813
Euro Area,Currency,2017-06-30T00:00:00,1.1423,Daily,EURUSD,2020-05-16T16:21:33.813
Euro Area,Currency,2017-07-02T00:00:00,1.1422,Daily,EURUSD,2020-05-16T16:21:33.813
Euro Area,Currency,2017-07-03T00:00:00,1.136,Daily,EURUSD,2020-05-16T16:21:33.813
Euro Area,Currency,2017-07-04T00:00:00,1.1342,Daily,EURUSD,2020-05-16T16:21:33.813
Euro Area,Currency,2017-07-05T00:00:00,1.1352,Daily,EURUSD,2020-05-16T16:21:33.813
Euro Area,Currency,2017-07-06T00:00:00,1.1422,Daily,EURUSD,2020-05-16T16:21:33.813
Euro Area,Currency,2017-07-07T00:00:00,1.14,Daily,EURUSD,2020-05-16T16:21:33.813
Euro Area,Currency,2017-07-09T00:00:00,1.1402,Daily,EURUSD,2020-05-16T16:21:33.813
Euro Area,Currency,2017-07-10T00:00:00,1.1399,Daily,EURUSD,2020-05-16T16:21:33.813
Euro Area,Currency,2017-07-11T00:00:00,1.1465,Daily,EURUSD,2020-05-16T16:21:33.813
Euro Area,Currency,2017-07-12T00:00:00,1.141,Daily,EURUSD,2020-05-16T16:21:33.813
Euro Area,Currency,2017-07-13T00:00:00,1.1395,Daily,EURUSD,2020-05-16T16:21:33.813
Euro Area,Currency,2017-07-14T00:00:00,1.1467,Daily,EURUSD,2020-05-16T16:21:33.813
Euro Area,Currency,2017-07-16T00:00:00,1.1471,Daily,EURUSD,2020-05-16T16:21:33.813
Euro Area,Currency,2017-07-17T00:00:00,1.1478,Daily,EURUSD,2020-05-16T16:21:33.813
Euro Area,Currency,2017-07-18T00:00:00,1.1552,Daily,EURUSD,2020-05-16T16:21:33.813
Euro Area,Currency,2017-07-19T00:00:00,1.1514,Daily,EURUSD,2020-05-16T16:21:33.813
Euro Area,Currency,2017-07-20T00:00:00,1.1629,Daily,EURUSD,2020-05-16T16:21:33.813
Euro Area,Currency,2017-07-21T00:00:00,1.1661,Daily,EURUSD,2020-05-16T16:21:33.813
Euro Area,Currency,2017-07-23T00:00:00,1.1679,Daily,EURUSD,2020-05-16T16:21:33.813
Euro Area,Currency,2017-07-24T00:00:00,1.1638,Daily,EURUSD,2020-05-16T16:21:33.813
Euro Area,Currency,2017-07-25T00:00:00,1.1651,Daily,EURUSD,2020-05-16T16:21:33.813
Euro Area,Currency,2017-07-26T00:00:00,1.1732,Daily,EURUSD,2020-05-16T16:21:33.813
Euro Area,Currency,2017-07-27T00:00:00,1.1676,Daily,EURUSD,2020-05-16T16:21:33.813
Euro Area,Currency,2017-07-28T00:00:00,1.175,Daily,EURUSD,2020-05-16T16:21:33.813
Euro Area,Currency,2017-07-30T00:00:00,1.1749,Daily,EURUSD,2020-05-16T16:21:33.813
Euro Area,Currency,2017-07-31T00:00:00,1.184,Daily,EURUSD,2020-05-16T16:21:33.813
Euro Area,Currency,2017-08-01T00:00:00,1.1801,Daily,EURUSD,2020-05-16T16:21:33.813
Euro Area,Currency,2017-08-02T00:00:00,1.1854,Daily,EURUSD,2020-05-16T16:21:33.813
Euro Area,Currency,2017-08-03T00:00:00,1.1868,Daily,EURUSD,2020-05-16T16:21:33.813
Euro Area,Currency,2017-08-04T00:00:00,1.1768,Daily,EURUSD,2020-05-16T16:21:33.813
Euro Area,Currency,2017-08-06T00:00:00,1.1782,Daily,EURUSD,2020-05-16T16:21:33.813
Euro Area,Currency,2017-08-07T00:00:00,1.1793,Daily,EURUSD,2020-05-16T16:21:33.813
Euro Area,Currency,2017-08-08T00:00:00,1.1749,Daily,EURUSD,2020-05-16T16:21:33.813
Euro Area,Currency,2017-08-09T00:00:00,1.1757,Daily,EURUSD,2020-05-16T16:21:33.813
Euro Area,Currency,2017-08-10T00:00:00,1.177,Daily,EURUSD,2020-05-16T16:21:33.813
Euro Area,Currency,2017-08-11T00:00:00,1.182,Daily,EURUSD,2020-05-16T16:21:33.813
Euro Area,Currency,2017-08-13T00:00:00,1.1824,Daily,EURUSD,2020-05-16T16:21:33.813
Euro Area,Currency,2017-08-14T00:00:00,1.1778,Daily,EURUSD,2020-05-16T16:21:33.813
Euro Area,Currency,2017-08-15T00:00:00,1.1733,Daily,EURUSD,2020-05-16T16:21:33.813
Euro Area,Currency,2017-08-16T00:00:00,1.1768,Daily,EURUSD,2020-05-16T16:21:33.813
Euro Area,Currency,2017-08-17T00:00:00,1.1723,Daily,EURUSD,2020-05-16T16:21:33.813
Euro Area,Currency,2017-08-18T00:00:00,1.176,Daily,EURUSD,2020-05-16T16:21:33.813
Euro Area,Currency,2017-08-20T00:00:00,1.1753,Daily,EURUSD,2020-05-16T16:21:33.813
Euro Area,Currency,2017-08-21T00:00:00,1.1814,Daily,EURUSD,2020-05-16T16:21:33.813
Euro Area,Currency,2017-08-22T00:00:00,1.176,Daily,EURUSD,2020-05-16T16:21:33.813
Euro Area,Currency,2017-08-23T00:00:00,1.1805,Daily,EURUSD,2020-05-16T16:21:33.813
Euro Area,Currency,2017-08-24T00:00:00,1.1797,Daily,EURUSD,2020-05-16T16:21:33.813
Euro Area,Currency,2017-08-25T00:00:00,1.1924,Daily,EURUSD,2020-05-16T16:21:33.813
Euro Area,Currency,2017-08-27T00:00:00,1.1954,Daily,EURUSD,2020-05-16T16:21:33.813
Euro Area,Currency,2017-08-28T00:00:00,1.1977,Daily,EURUSD,2020-05-16T16:21:33.813
Euro Area,Currency,2017-08-29T00:00:00,1.1972,Daily,EURUSD,2020-05-16T16:21:33.813
Euro Area,Currency,2017-08-30T00:00:00,1.1881,Daily,EURUSD,2020-05-16T16:21:33.813
Euro Area,Currency,2017-08-31T00:00:00,1.1908,Daily,EURUSD,2020-05-16T16:21:33.813
Euro Area,Currency,2017-09-01T00:00:00,1.1857,Daily,EURUSD,2020-05-16T16:21:33.813
Euro Area,Currency,2017-09-03T00:00:00,1.1879,Daily,EURUSD,2020-05-16T16:21:33.813
Euro Area,Currency,2017-09-04T00:00:00,1.1895,Daily,EURUSD,2020-05-16T16:21:33.813
Euro Area,Currency,2017-09-05T00:00:00,1.1912,Daily,EURUSD,2020-05-16T16:21:33.813
Euro Area,Currency,2017-09-06T00:00:00,1.1915,Daily,EURUSD,2020-05-16T16:21:33.813
Euro Area,Currency,2017-09-07T00:00:00,1.2021,Daily,EURUSD,2020-05-16T16:21:33.813
Euro Area,Currency,2017-09-08T00:00:00,1.2033,Daily,EURUSD,2020-05-16T16:21:33.813
Euro Area,Currency,2017-09-10T00:00:00,1.2016,Daily,EURUSD,2020-05-16T16:21:33.813
Euro Area,Currency,2017-09-11T00:00:00,1.1951,Daily,EURUSD,2020-05-16T16:21:33.813
Euro Area,Currency,2017-09-12T00:00:00,1.1965,Daily,EURUSD,2020-05-16T16:21:33.813
Euro Area,Currency,2017-09-13T00:00:00,1.1885,Daily,EURUSD,2020-05-16T16:21:33.813
Euro Area,Currency,2017-09-14T00:00:00,1.1918,Daily,EURUSD,2020-05-16T16:21:33.813
Euro Area,Currency,2017-09-15T00:00:00,1.1941,Daily,EURUSD,2020-05-16T16:21:33.813
Euro Area,Currency,2017-09-17T00:00:00,1.1935,Daily,EURUSD,2020-05-16T16:21:33.813
Euro Area,Currency,2017-09-18T00:00:00,1.1952,Daily,EURUSD,2020-05-16T16:21:33.813
Euro Area,Currency,2017-09-19T00:00:00,1.1992,Daily,EURUSD,2020-05-16T16:21:33.813
Euro Area,Currency,2017-09-20T00:00:00,1.1891,Daily,EURUSD,2020-05-16T16:21:33.813
Euro Area,Currency,2017-09-21T00:00:00,1.1939,Daily,EURUSD,2020-05-16T16:21:33.813
Euro Area,Currency,2017-09-22T00:00:00,1.1952,Daily,EURUSD,2020-05-16T16:21:33.813
Euro Area,Currency,2017-09-24T00:00:00,1.1925,Daily,EURUSD,2020-05-16T16:21:33.813
Euro Area,Currency,2017-09-25T00:00:00,1.1846,Daily,EURUSD,2020-05-16T16:21:33.813
Euro Area,Currency,2017-09-26T00:00:00,1.1791,Daily,EURUSD,2020-05-16T16:21:33.813
Euro Area,Currency,2017-09-27T00:00:00,1.1743,Daily,EURUSD,2020-05-16T16:21:33.813
Euro Area,Currency,2017-09-28T00:00:00,1.1784,Daily,EURUSD,2020-05-16T16:21:33.813
Euro Area,Currency,2017-09-29T00:00:00,1.1812,Daily,EURUSD,2020-05-16T16:21:33.813
Euro Area,Currency,2017-10-01T00:00:00,1.1808,Daily,EURUSD,2020-05-16T16:21:33.813
Euro Area,Currency,2017-10-02T00:00:00,1.173,Daily,EURUSD,2020-05-16T16:21:33.813
Euro Area,Currency,2017-10-03T00:00:00,1.1742,Daily,EURUSD,2020-05-16T16:21:33.813
Euro Area,Currency,2017-10-04T00:00:00,1.1759,Daily,EURUSD,2020-05-16T16:21:33.813
Euro Area,Currency,2017-10-05T00:00:00,1.171,Daily,EURUSD,2020-05-16T16:21:33.813
Euro Area,Currency,2017-10-06T00:00:00,1.1733,Daily,EURUSD,2020-05-16T16:21:33.813
Euro Area,Currency,2017-10-08T00:00:00,1.1742,Daily,EURUSD,2020-05-16T16:21:33.813
Euro Area,Currency,2017-10-09T00:00:00,1.1739,Daily,EURUSD,2020-05-16T16:21:33.813
Euro Area,Currency,2017-10-10T00:00:00,1.1806,Daily,EURUSD,2020-05-16T16:21:33.813
Euro Area,Currency,2017-10-11T00:00:00,1.1857,Daily,EURUSD,2020-05-16T16:21:33.813
Euro Area,Currency,2017-10-12T00:00:00,1.1829,Daily,EURUSD,2020-05-16T16:21:33.813
Euro Area,Currency,2017-10-13T00:00:00,1.1822,Daily,EURUSD,2020-05-16T16:21:33.813
Euro Area,Currency,2017-10-15T00:00:00,1.1809,Daily,EURUSD,2020-05-16T16:21:33.813
Euro Area,Currency,2017-10-16T00:00:00,1.1795,Daily,EURUSD,2020-05-16T16:21:33.813
Euro Area,Currency,2017-10-17T00:00:00,1.1766,Daily,EURUSD,2020-05-16T16:21:33.813
Euro Area,Currency,2017-10-18T00:00:00,1.1787,Daily,EURUSD,2020-05-16T16:21:33.813
Euro Area,Currency,2017-10-19T00:00:00,1.185,Daily,EURUSD,2020-05-16T16:21:33.813
Euro Area,Currency,2017-10-20T00:00:00,1.1783,Daily,EURUSD,2020-05-16T16:21:33.813
Euro Area,Currency,2017-10-22T00:00:00,1.1756,Daily,EURUSD,2020-05-16T16:21:33.813
Euro Area,Currency,2017-10-23T00:00:00,1.1747,Daily,EURUSD,2020-05-16T16:21:33.813
Euro Area,Currency,2017-10-24T00:00:00,1.1759,Daily,EURUSD,2020-05-16T16:21:33.813
Euro Area,Currency,2017-10-25T00:00:00,1.1812,Daily,EURUSD,2020-05-16T16:21:33.813
Euro Area,Currency,2017-10-26T00:00:00,1.165,Daily,EURUSD,2020-05-16T16:21:33.813
Euro Area,Currency,2017-10-27T00:00:00,1.1608,Daily,EURUSD,2020-05-16T16:21:33.813
Euro Area,Currency,2017-10-29T00:00:00,1.1607,Daily,EURUSD,2020-05-16T16:21:33.813
Euro Area,Currency,2017-10-30T00:00:00,1.1649,Daily,EURUSD,2020-05-16T16:21:33.813
Euro Area,Currency,2017-10-31T00:00:00,1.1644,Daily,EURUSD,2020-05-16T16:21:33.813
Euro Area,Currency,2017-11-01T00:00:00,1.1617,Daily,EURUSD,2020-05-16T16:21:33.813
Euro Area,Currency,2017-11-02T00:00:00,1.1656,Daily,EURUSD,2020-05-16T16:21:33.813
Euro Area,Currency,2017-11-03T00:00:00,1.1607,Daily,EURUSD,2020-05-16T16:21:33.813
Euro Area,Currency,2017-11-05T00:00:00,1.1611,Daily,EURUSD,2020-05-16T16:21:33.813
Euro Area,Currency,2017-11-06T00:00:00,1.1609,Daily,EURUSD,2020-05-16T16:21:33.813
Euro Area,Currency,2017-11-07T00:00:00,1.1585,Daily,EURUSD,2020-05-16T16:21:33.813
Euro Area,Currency,2017-11-08T00:00:00,1.1593,Daily,EURUSD,2020-05-16T16:21:33.813
Euro Area,Currency,2017-11-09T00:00:00,1.164,Daily,EURUSD,2020-05-16T16:21:33.813
Euro Area,Currency,2017-11-10T00:00:00,1.1663,Daily,EURUSD,2020-05-16T16:21:33.813
Euro Area,Currency,2017-11-12T00:00:00,1.1663,Daily,EURUSD,2020-05-16T16:21:33.813
Euro Area,Currency,2017-11-13T00:00:00,1.1665,Daily,EURUSD,2020-05-16T16:21:33.813
Euro Area,Currency,2017-11-14T00:00:00,1.1796,Daily,EURUSD,2020-05-16T16:21:33.813
Euro Area,Currency,2017-11-15T00:00:00,1.1791,Daily,EURUSD,2020-05-16T16:21:33.813
Euro Area,Currency,2017-11-16T00:00:00,1.1769,Daily,EURUSD,2020-05-16T16:21:33.813
Euro Area,Currency,2017-11-17T00:00:00,1.1793,Daily,EURUSD,2020-05-16T16:21:33.813
Euro Area,Currency,2017-11-20T00:00:00,1.1732,Daily,EURUSD,2020-05-16T16:21:33.813
Euro Area,Currency,2017-11-21T00:00:00,1.1737,Daily,EURUSD,2020-05-16T16:21:33.813
Euro Area,Currency,2017-11-22T00:00:00,1.182,Daily,EURUSD,2020-05-16T16:21:33.813
Euro Area,Currency,2017-11-23T00:00:00,1.185,Daily,EURUSD,2020-05-16T16:21:33.813
Euro Area,Currency,2017-11-24T00:00:00,1.193,Daily,EURUSD,2020-05-16T16:21:33.813
Euro Area,Currency,2017-11-26T00:00:00,1.1927,Daily,EURUSD,2020-05-16T16:21:33.813
Euro Area,Currency,2017-11-27T00:00:00,1.1896,Daily,EURUSD,2020-05-16T16:21:33.813
Euro Area,Currency,2017-11-28T00:00:00,1.1839,Daily,EURUSD,2020-05-16T16:21:33.813
Euro Area,Currency,2017-11-29T00:00:00,1.1847,Daily,EURUSD,2020-05-16T16:21:33.813
Euro Area,Currency,2017-11-30T00:00:00,1.1902,Daily,EURUSD,2020-05-16T16:21:33.813
Euro Area,Currency,2017-12-01T00:00:00,1.1889,Daily,EURUSD,2020-05-16T16:21:33.813
Euro Area,Currency,2017-12-03T00:00:00,1.1865,Daily,EURUSD,2020-05-16T16:21:33.813
Euro Area,Currency,2017-12-04T00:00:00,1.1864,Daily,EURUSD,2020-05-16T16:21:33.813
Euro Area,Currency,2017-12-05T00:00:00,1.1824,Daily,EURUSD,2020-05-16T16:21:33.813
Euro Area,Currency,2017-12-06T00:00:00,1.1795,Daily,EURUSD,2020-05-16T16:21:33.813
Euro Area,Currency,2017-12-07T00:00:00,1.1771,Daily,EURUSD,2020-05-16T16:21:33.813
Euro Area,Currency,2017-12-08T00:00:00,1.1764,Daily,EURUSD,2020-05-16T16:21:33.813
Euro Area,Currency,2017-12-10T00:00:00,1.1767,Daily,EURUSD,2020-05-16T16:21:33.813
Euro Area,Currency,2017-12-11T00:00:00,1.1768,Daily,EURUSD,2020-05-16T16:21:33.813
Euro Area,Currency,2017-12-12T00:00:00,1.174,Daily,EURUSD,2020-05-16T16:21:33.813
Euro Area,Currency,2017-12-13T00:00:00,1.1825,Daily,EURUSD,2020-05-16T16:21:33.813
Euro Area,Currency,2017-12-14T00:00:00,1.1777,Daily,EURUSD,2020-05-16T16:21:33.813
Euro Area,Currency,2017-12-15T00:00:00,1.1752,Daily,EURUSD,2020-05-16T16:21:33.813
Euro Area,Currency,2017-12-17T00:00:00,1.1741,Daily,EURUSD,2020-05-16T16:21:33.813
Euro Area,Currency,2017-12-18T00:00:00,1.1781,Daily,EURUSD,2020-05-16T16:21:33.813
Euro Area,Currency,2017-12-19T00:00:00,1.1838,Daily,EURUSD,2020-05-16T16:21:33.813
Euro Area,Currency,2017-12-20T00:00:00,1.1869,Daily,EURUSD,2020-05-16T16:21:33.813
Euro Area,Currency,2017-12-21T00:00:00,1.1873,Daily,EURUSD,2020-05-16T16:21:33.813
Euro Area,Currency,2017-12-22T00:00:00,1.1857,Daily,EURUSD,2020-05-16T16:21:33.813
Euro Area,Currency,2017-12-26T00:00:00,1.1858,Daily,EURUSD,2020-05-16T16:21:33.813
Euro Area,Currency,2017-12-27T00:00:00,1.1886,Daily,EURUSD,2020-05-16T16:21:33.813
Euro Area,Currency,2017-12-28T00:00:00,1.1941,Daily,EURUSD,2020-05-16T16:21:33.813
Euro Area,Currency,2017-12-29T00:00:00,1.1996,Daily,EURUSD,2020-05-16T16:21:33.813
Euro Area,Currency,2018-01-01T00:00:00,1.2008,Daily,EURUSD,2020-05-16T16:21:33.813
Euro Area,Currency,2018-01-02T00:00:00,1.2057,Daily,EURUSD,2020-05-16T16:21:33.813
Euro Area,Currency,2018-01-03T00:00:00,1.2012,Daily,EURUSD,2020-05-16T16:21:33.813
Euro Area,Currency,2018-01-04T00:00:00,1.2067,Daily,EURUSD,2020-05-16T16:21:33.813
Euro Area,Currency,2018-01-05T00:00:00,1.2028,Daily,EURUSD,2020-05-16T16:21:33.813
Euro Area,Currency,2018-01-07T00:00:00,1.2038,Daily,EURUSD,2020-05-16T16:21:33.813
Euro Area,Currency,2018-01-08T00:00:00,1.1965,Daily,EURUSD,2020-05-16T16:21:33.813
Euro Area,Currency,2018-01-09T00:00:00,1.1935,Daily,EURUSD,2020-05-16T16:21:33.813
Euro Area,Currency,2018-01-10T00:00:00,1.1945,Daily,EURUSD,2020-05-16T16:21:33.813
Euro Area,Currency,2018-01-11T00:00:00,1.2031,Daily,EURUSD,2020-05-16T16:21:33.813
Euro Area,Currency,2018-01-12T00:00:00,1.2185,Daily,EURUSD,2020-05-16T16:21:33.813
Euro Area,Currency,2018-01-14T00:00:00,1.2197,Daily,EURUSD,2020-05-16T16:21:33.813
Euro Area,Currency,2018-01-15T00:00:00,1.2261,Daily,EURUSD,2020-05-16T16:21:33.813
Euro Area,Currency,2018-01-16T00:00:00,1.2259,Daily,EURUSD,2020-05-16T16:21:33.813
Euro Area,Currency,2018-01-17T00:00:00,1.2184,Daily,EURUSD,2020-05-16T16:21:33.813
Euro Area,Currency,2018-01-18T00:00:00,1.2237,Daily,EURUSD,2020-05-16T16:21:33.813
Euro Area,Currency,2018-01-19T00:00:00,1.222,Daily,EURUSD,2020-05-16T16:21:33.813
Euro Area,Currency,2018-01-21T00:00:00,1.2253,Daily,EURUSD,2020-05-16T16:21:33.813
Euro Area,Currency,2018-01-22T00:00:00,1.226,Daily,EURUSD,2020-05-16T16:21:33.813
Euro Area,Currency,2018-01-23T00:00:00,1.2297,Daily,EURUSD,2020-05-16T16:21:33.813
Euro Area,Currency,2018-01-24T00:00:00,1.2406,Daily,EURUSD,2020-05-16T16:21:33.813
Euro Area,Currency,2018-01-25T00:00:00,1.2395,Daily,EURUSD,2020-05-16T16:21:33.813
Euro Area,Currency,2018-01-26T00:00:00,1.2419,Daily,EURUSD,2020-05-16T16:21:33.813
Euro Area,Currency,2018-01-28T00:00:00,1.2425,Daily,EURUSD,2020-05-16T16:21:33.813
Euro Area,Currency,2018-01-29T00:00:00,1.2381,Daily,EURUSD,2020-05-16T16:21:33.813
Euro Area,Currency,2018-01-30T00:00:00,1.24,Daily,EURUSD,2020-05-16T16:21:33.813
Euro Area,Currency,2018-01-31T00:00:00,1.242,Daily,EURUSD,2020-05-16T16:21:33.813
Euro Area,Currency,2018-02-01T00:00:00,1.2508,Daily,EURUSD,2020-05-16T16:21:33.813
Euro Area,Currency,2018-02-02T00:00:00,1.246,Daily,EURUSD,2020-05-16T16:21:33.813
Euro Area,Currency,2018-02-04T00:00:00,1.2451,Daily,EURUSD,2020-05-16T16:21:33.813
Euro Area,Currency,2018-02-05T00:00:00,1.2367,Daily,EURUSD,2020-05-16T16:21:33.813
Euro Area,Currency,2018-02-06T00:00:00,1.2376,Daily,EURUSD,2020-05-16T16:21:33.813
Euro Area,Currency,2018-02-07T00:00:00,1.2262,Daily,EURUSD,2020-05-16T16:21:33.813
Euro Area,Currency,2018-02-08T00:00:00,1.2245,Daily,EURUSD,2020-05-16T16:21:33.813
Euro Area,Currency,2018-02-09T00:00:00,1.2233,Daily,EURUSD,2020-05-16T16:21:33.813
Euro Area,Currency,2018-02-11T00:00:00,1.2246,Daily,EURUSD,2020-05-16T16:21:33.813
Euro Area,Currency,2018-02-12T00:00:00,1.2291,Daily,EURUSD,2020-05-16T16:21:33.813
Euro Area,Currency,2018-02-13T00:00:00,1.235,Daily,EURUSD,2020-05-16T16:21:33.813
Euro Area,Currency,2018-02-14T00:00:00,1.2448,Daily,EURUSD,2020-05-16T16:21:33.813
Euro Area,Currency,2018-02-15T00:00:00,1.2505,Daily,EURUSD,2020-05-16T16:21:33.813
Euro Area,Currency,2018-02-16T00:00:00,1.2404,Daily,EURUSD,2020-05-16T16:21:33.813
Euro Area,Currency,2018-02-18T00:00:00,1.2406,Daily,EURUSD,2020-05-16T16:21:33.813
Euro Area,Currency,2018-02-19T00:00:00,1.2407,Daily,EURUSD,2020-05-16T16:21:33.813
Euro Area,Currency,2018-02-20T00:00:00,1.2336,Daily,EURUSD,2020-05-16T16:21:33.813
Euro Area,Currency,2018-02-21T00:00:00,1.2282,Daily,EURUSD,2020-05-16T16:21:33.813
Euro Area,Currency,2018-02-22T00:00:00,1.2329,Daily,EURUSD,2020-05-16T16:21:33.813
Euro Area,Currency,2018-02-23T00:00:00,1.2293,Daily,EURUSD,2020-05-16T16:21:33.813
Euro Area,Currency,2018-02-25T00:00:00,1.2284,Daily,EURUSD,2020-05-16T16:21:33.813
Euro Area,Currency,2018-02-26T00:00:00,1.2316,Daily,EURUSD,2020-05-16T16:21:33.813
Euro Area,Currency,2018-02-27T00:00:00,1.2231,Daily,EURUSD,2020-05-16T16:21:33.813
Euro Area,Currency,2018-02-28T00:00:00,1.2193,Daily,EURUSD,2020-05-16T16:21:33.813
Euro Area,Currency,2018-03-01T00:00:00,1.2267,Daily,EURUSD,2020-05-16T16:21:33.813
Euro Area,Currency,2018-03-02T00:00:00,1.2317,Daily,EURUSD,2020-05-16T16:21:33.813
Euro Area,Currency,2018-03-04T00:00:00,1.2312,Daily,EURUSD,2020-05-16T16:21:33.813
Euro Area,Currency,2018-03-05T00:00:00,1.2335,Daily,EURUSD,2020-05-16T16:21:33.813
Euro Area,Currency,2018-03-06T00:00:00,1.2402,Daily,EURUSD,2020-05-16T16:21:33.813
Euro Area,Currency,2018-03-07T00:00:00,1.2412,Daily,EURUSD,2020-05-16T16:21:33.813
Euro Area,Currency,2018-03-08T00:00:00,1.231,Daily,EURUSD,2020-05-16T16:21:33.813
Euro Area,Currency,2018-03-09T00:00:00,1.2305,Daily,EURUSD,2020-05-16T16:21:33.813
Euro Area,Currency,2018-03-11T00:00:00,1.2309,Daily,EURUSD,2020-05-16T16:21:33.813
Euro Area,Currency,2018-03-12T00:00:00,1.2332,Daily,EURUSD,2020-05-16T16:21:33.813
Euro Area,Currency,2018-03-13T00:00:00,1.2389,Daily,EURUSD,2020-05-16T16:21:33.813
Euro Area,Currency,2018-03-14T00:00:00,1.2365,Daily,EURUSD,2020-05-16T16:21:33.813
Euro Area,Currency,2018-03-15T00:00:00,1.2304,Daily,EURUSD,2020-05-16T16:21:33.813
Euro Area,Currency,2018-03-16T00:00:00,1.2287,Daily,EURUSD,2020-05-16T16:21:33.813
Euro Area,Currency,2018-03-18T00:00:00,1.2282,Daily,EURUSD,2020-05-16T16:21:33.813
Euro Area,Currency,2018-03-19T00:00:00,1.2333,Daily,EURUSD,2020-05-16T16:21:33.813
Euro Area,Currency,2018-03-20T00:00:00,1.224,Daily,EURUSD,2020-05-16T16:21:33.813
Euro Area,Currency,2018-03-21T00:00:00,1.2336,Daily,EURUSD,2020-05-16T16:21:33.813
Euro Area,Currency,2018-03-22T00:00:00,1.23,Daily,EURUSD,2020-05-16T16:21:33.813
Euro Area,Currency,2018-03-23T00:00:00,1.2351,Daily,EURUSD,2020-05-16T16:21:33.813
Euro Area,Currency,2018-03-25T00:00:00,1.236,Daily,EURUSD,2020-05-16T16:21:33.813
Euro Area,Currency,2018-03-26T00:00:00,1.2442,Daily,EURUSD,2020-05-16T16:21:33.813
Euro Area,Currency,2018-03-27T00:00:00,1.2401,Daily,EURUSD,2020-05-16T16:21:33.813
Euro Area,Currency,2018-03-28T00:00:00,1.2307,Daily,EURUSD,2020-05-16T16:21:33.813
Euro Area,Currency,2018-03-29T00:00:00,1.2301,Daily,EURUSD,2020-05-16T16:21:33.813
Euro Area,Currency,2018-03-30T00:00:00,1.2321,Daily,EURUSD,2020-05-16T16:21:33.813
Euro Area,Currency,2018-04-01T00:00:00,1.2314,Daily,EURUSD,2020-05-16T16:21:33.813
Euro Area,Currency,2018-04-02T00:00:00,1.23,Daily,EURUSD,2020-05-16T16:21:33.813
Euro Area,Currency,2018-04-03T00:00:00,1.2269,Daily,EURUSD,2020-05-16T16:21:33.813
Euro Area,Currency,2018-04-04T00:00:00,1.2277,Daily,EURUSD,2020-05-16T16:21:33.813
Euro Area,Currency,2018-04-05T00:00:00,1.2238,Daily,EURUSD,2020-05-16T16:21:33.813
Euro Area,Currency,2018-04-06T00:00:00,1.2281,Daily,EURUSD,2020-05-16T16:21:33.813
Euro Area,Currency,2018-04-08T00:00:00,1.2268,Daily,EURUSD,2020-05-16T16:21:33.813
Euro Area,Currency,2018-04-09T00:00:00,1.2319,Daily,EURUSD,2020-05-16T16:21:33.813
Euro Area,Currency,2018-04-10T00:00:00,1.2354,Daily,EURUSD,2020-05-16T16:21:33.813
Euro Area,Currency,2018-04-11T00:00:00,1.2365,Daily,EURUSD,2020-05-16T16:21:33.813
Euro Area,Currency,2018-04-12T00:00:00,1.2325,Daily,EURUSD,2020-05-16T16:21:33.813
Euro Area,Currency,2018-04-13T00:00:00,1.2329,Daily,EURUSD,2020-05-16T16:21:33.813
Euro Area,Currency,2018-04-15T00:00:00,1.2331,Daily,EURUSD,2020-05-16T16:21:33.813
Euro Area,Currency,2018-04-16T00:00:00,1.2378,Daily,EURUSD,2020-05-16T16:21:33.813
Euro Area,Currency,2018-04-17T00:00:00,1.237,Daily,EURUSD,2020-05-16T16:21:33.813
Euro Area,Currency,2018-04-18T00:00:00,1.2372,Daily,EURUSD,2020-05-16T16:21:33.813
Euro Area,Currency,2018-04-19T00:00:00,1.2344,Daily,EURUSD,2020-05-16T16:21:33.813
Euro Area,Currency,2018-04-20T00:00:00,1.2286,Daily,EURUSD,2020-05-16T16:21:33.813
Euro Area,Currency,2018-04-22T00:00:00,1.2276,Daily,EURUSD,2020-05-16T16:21:33.813
Euro Area,Currency,2018-04-23T00:00:00,1.2207,Daily,EURUSD,2020-05-16T16:21:33.813
Euro Area,Currency,2018-04-24T00:00:00,1.223,Daily,EURUSD,2020-05-16T16:21:33.813
Euro Area,Currency,2018-04-25T00:00:00,1.2159,Daily,EURUSD,2020-05-16T16:21:33.813
Euro Area,Currency,2018-04-26T00:00:00,1.2101,Daily,EURUSD,2020-05-16T16:21:33.813
Euro Area,Currency,2018-04-27T00:00:00,1.2128,Daily,EURUSD,2020-05-16T16:21:33.813
Euro Area,Currency,2018-04-29T00:00:00,1.212,Daily,EURUSD,2020-05-16T16:21:33.813
Euro Area,Currency,2018-04-30T00:00:00,1.2077,Daily,EURUSD,2020-05-16T16:21:33.813
Euro Area,Currency,2018-05-01T00:00:00,1.1993,Daily,EURUSD,2020-05-16T16:21:33.813
Euro Area,Currency,2018-05-02T00:00:00,1.195,Daily,EURUSD,2020-05-16T16:21:33.813
Euro Area,Currency,2018-05-03T00:00:00,1.1987,Daily,EURUSD,2020-05-16T16:21:33.813
Euro Area,Currency,2018-05-04T00:00:00,1.1958,Daily,EURUSD,2020-05-16T16:21:33.813
Euro Area,Currency,2018-05-06T00:00:00,1.1959,Daily,EURUSD,2020-05-16T16:21:33.813
Euro Area,Currency,2018-05-07T00:00:00,1.192,Daily,EURUSD,2020-05-16T16:21:33.813
Euro Area,Currency,2018-05-08T00:00:00,1.1862,Daily,EURUSD,2020-05-16T16:21:33.813
Euro Area,Currency,2018-05-09T00:00:00,1.185,Daily,EURUSD,2020-05-16T16:21:33.813
Euro Area,Currency,2018-05-10T00:00:00,1.1913,Daily,EURUSD,2020-05-16T16:21:33.813
Euro Area,Currency,2018-05-11T00:00:00,1.1942,Daily,EURUSD,2020-05-16T16:21:33.813
Euro Area,Currency,2018-05-13T00:00:00,1.1951,Daily,EURUSD,2020-05-16T16:21:33.813
Euro Area,Currency,2018-05-14T00:00:00,1.1925,Daily,EURUSD,2020-05-16T16:21:33.813
Euro Area,Currency,2018-05-15T00:00:00,1.1837,Daily,EURUSD,2020-05-16T16:21:33.813
Euro Area,Currency,2018-05-16T00:00:00,1.1807,Daily,EURUSD,2020-05-16T16:21:33.813
Euro Area,Currency,2018-05-17T00:00:00,1.1793,Daily,EURUSD,2020-05-16T16:21:33.813
Euro Area,Currency,2018-05-18T00:00:00,1.1775,Daily,EURUSD,2020-05-16T16:21:33.813
Euro Area,Currency,2018-05-20T00:00:00,1.1764,Daily,EURUSD,2020-05-16T16:21:33.813
Euro Area,Currency,2018-05-21T00:00:00,1.179,Daily,EURUSD,2020-05-16T16:21:33.813
Euro Area,Currency,2018-05-22T00:00:00,1.1778,Daily,EURUSD,2020-05-16T16:21:33.813
Euro Area,Currency,2018-05-23T00:00:00,1.1696,Daily,EURUSD,2020-05-16T16:21:33.813
Euro Area,Currency,2018-05-24T00:00:00,1.1719,Daily,EURUSD,2020-05-16T16:21:33.813
Euro Area,Currency,2018-05-25T00:00:00,1.165,Daily,EURUSD,2020-05-16T16:21:33.813
Euro Area,Currency,2018-05-28T00:00:00,1.1622,Daily,EURUSD,2020-05-16T16:21:33.813
Euro Area,Currency,2018-05-29T00:00:00,1.1538,Daily,EURUSD,2020-05-16T16:21:33.813
Euro Area,Currency,2018-05-30T00:00:00,1.1661,Daily,EURUSD,2020-05-16T16:21:33.813
Euro Area,Currency,2018-05-31T00:00:00,1.169,Daily,EURUSD,2020-05-16T16:21:33.813
Euro Area,Currency,2018-06-01T00:00:00,1.166,Daily,EURUSD,2020-05-16T16:21:33.813
Euro Area,Currency,2018-06-03T00:00:00,1.1664,Daily,EURUSD,2020-05-16T16:21:33.813
Euro Area,Currency,2018-06-04T00:00:00,1.1698,Daily,EURUSD,2020-05-16T16:21:33.813
Euro Area,Currency,2018-06-05T00:00:00,1.1717,Daily,EURUSD,2020-05-16T16:21:33.813
Euro Area,Currency,2018-06-06T00:00:00,1.1773,Daily,EURUSD,2020-05-16T16:21:33.813
Euro Area,Currency,2018-06-07T00:00:00,1.1797,Daily,EURUSD,2020-05-16T16:21:33.813
Euro Area,Currency,2018-06-08T00:00:00,1.1766,Daily,EURUSD,2020-05-16T16:21:33.813
Euro Area,Currency,2018-06-10T00:00:00,1.1783,Daily,EURUSD,2020-05-16T16:21:33.813
Euro Area,Currency,2018-06-11T00:00:00,1.1782,Daily,EURUSD,2020-05-16T16:21:33.813
Euro Area,Currency,2018-06-12T00:00:00,1.1743,Daily,EURUSD,2020-05-16T16:21:33.813
Euro Area,Currency,2018-06-13T00:00:00,1.1789,Daily,EURUSD,2020-05-16T16:21:33.813
Euro Area,Currency,2018-06-14T00:00:00,1.1567,Daily,EURUSD,2020-05-16T16:21:33.813
Euro Area,Currency,2018-06-15T00:00:00,1.1607,Daily,EURUSD,2020-05-16T16:21:33.813
Euro Area,Currency,2018-06-17T00:00:00,1.1595,Daily,EURUSD,2020-05-16T16:21:33.813
Euro Area,Currency,2018-06-18T00:00:00,1.1622,Daily,EURUSD,2020-05-16T16:21:33.813
Euro Area,Currency,2018-06-19T00:00:00,1.1588,Daily,EURUSD,2020-05-16T16:21:33.813
Euro Area,Currency,2018-06-20T00:00:00,1.157,Daily,EURUSD,2020-05-16T16:21:33.813
Euro Area,Currency,2018-06-21T00:00:00,1.1601,Daily,EURUSD,2020-05-16T16:21:33.813
Euro Area,Currency,2018-06-22T00:00:00,1.1655,Daily,EURUSD,2020-05-16T16:21:33.813
Euro Area,Currency,2018-06-24T00:00:00,1.1663,Daily,EURUSD,2020-05-16T16:21:33.813
Euro Area,Currency,2018-06-25T00:00:00,1.1702,Daily,EURUSD,2020-05-16T16:21:33.813
Euro Area,Currency,2018-06-26T00:00:00,1.1645,Daily,EURUSD,2020-05-16T16:21:33.813
Euro Area,Currency,2018-06-27T00:00:00,1.1552,Daily,EURUSD,2020-05-16T16:21:33.813
Euro Area,Currency,2018-06-28T00:00:00,1.1567,Daily,EURUSD,2020-05-16T16:21:33.813
Euro Area,Currency,2018-06-29T00:00:00,1.1683,Daily,EURUSD,2020-05-16T16:21:33.813
Euro Area,Currency,2018-07-01T00:00:00,1.1676,Daily,EURUSD,2020-05-16T16:21:33.813
Euro Area,Currency,2018-07-02T00:00:00,1.1639,Daily,EURUSD,2020-05-16T16:21:33.813
Euro Area,Currency,2018-07-03T00:00:00,1.1655,Daily,EURUSD,2020-05-16T16:21:33.813
Euro Area,Currency,2018-07-04T00:00:00,1.1654,Daily,EURUSD,2020-05-16T16:21:33.813
Euro Area,Currency,2018-07-05T00:00:00,1.1689,Daily,EURUSD,2020-05-16T16:21:33.813
Euro Area,Currency,2018-07-06T00:00:00,1.1745,Daily,EURUSD,2020-05-16T16:21:33.813
Euro Area,Currency,2018-07-08T00:00:00,1.1749,Daily,EURUSD,2020-05-16T16:21:33.813
Euro Area,Currency,2018-07-09T00:00:00,1.1749,Daily,EURUSD,2020-05-16T16:21:33.813
Euro Area,Currency,2018-07-10T00:00:00,1.1742,Daily,EURUSD,2020-05-16T16:21:33.813
Euro Area,Currency,2018-07-11T00:00:00,1.1672,Daily,EURUSD,2020-05-16T16:21:33.813
Euro Area,Currency,2018-07-12T00:00:00,1.1671,Daily,EURUSD,2020-05-16T16:21:33.813
Euro Area,Currency,2018-07-13T00:00:00,1.1685,Daily,EURUSD,2020-05-16T16:21:33.813
Euro Area,Currency,2018-07-15T00:00:00,1.1677,Daily,EURUSD,2020-05-16T16:21:33.813
Euro Area,Currency,2018-07-16T00:00:00,1.1709,Daily,EURUSD,2020-05-16T16:21:33.813
Euro Area,Currency,2018-07-17T00:00:00,1.1659,Daily,EURUSD,2020-05-16T16:21:33.813
Euro Area,Currency,2018-07-18T00:00:00,1.1638,Daily,EURUSD,2020-05-16T16:21:33.813
Euro Area,Currency,2018-07-19T00:00:00,1.1641,Daily,EURUSD,2020-05-16T16:21:33.813
Euro Area,Currency,2018-07-20T00:00:00,1.1718,Daily,EURUSD,2020-05-16T16:21:33.813
Euro Area,Currency,2018-07-22T00:00:00,1.1736,Daily,EURUSD,2020-05-16T16:21:33.813
Euro Area,Currency,2018-07-23T00:00:00,1.169,Daily,EURUSD,2020-05-16T16:21:33.813
Euro Area,Currency,2018-07-24T00:00:00,1.1684,Daily,EURUSD,2020-05-16T16:21:33.813
Euro Area,Currency,2018-07-25T00:00:00,1.1728,Daily,EURUSD,2020-05-16T16:21:33.813
Euro Area,Currency,2018-07-26T00:00:00,1.1641,Daily,EURUSD,2020-05-16T16:21:33.813
Euro Area,Currency,2018-07-27T00:00:00,1.1656,Daily,EURUSD,2020-05-16T16:21:33.813
Euro Area,Currency,2018-07-30T00:00:00,1.1704,Daily,EURUSD,2020-05-16T16:21:33.813
Euro Area,Currency,2018-07-31T00:00:00,1.1691,Daily,EURUSD,2020-05-16T16:21:33.813
Euro Area,Currency,2018-08-01T00:00:00,1.1658,Daily,EURUSD,2020-05-16T16:21:33.813
Euro Area,Currency,2018-08-02T00:00:00,1.1582,Daily,EURUSD,2020-05-16T16:21:33.813
Euro Area,Currency,2018-08-03T00:00:00,1.1567,Daily,EURUSD,2020-05-16T16:21:33.813
Euro Area,Currency,2018-08-05T00:00:00,1.1561,Daily,EURUSD,2020-05-16T16:21:33.813
Euro Area,Currency,2018-08-06T00:00:00,1.1553,Daily,EURUSD,2020-05-16T16:21:33.813
Euro Area,Currency,2018-08-07T00:00:00,1.1597,Daily,EURUSD,2020-05-16T16:21:33.813
Euro Area,Currency,2018-08-08T00:00:00,1.161,Daily,EURUSD,2020-05-16T16:21:33.813
Euro Area,Currency,2018-08-09T00:00:00,1.1526,Daily,EURUSD,2020-05-16T16:21:33.813
Euro Area,Currency,2018-08-10T00:00:00,1.141,Daily,EURUSD,2020-05-16T16:21:33.813
Euro Area,Currency,2018-08-12T00:00:00,1.1399,Daily,EURUSD,2020-05-16T16:21:33.813
Euro Area,Currency,2018-08-13T00:00:00,1.1408,Daily,EURUSD,2020-05-16T16:21:33.813
Euro Area,Currency,2018-08-14T00:00:00,1.1342,Daily,EURUSD,2020-05-16T16:21:33.813
Euro Area,Currency,2018-08-15T00:00:00,1.1343,Daily,EURUSD,2020-05-16T16:21:33.813
Euro Area,Currency,2018-08-16T00:00:00,1.1375,Daily,EURUSD,2020-05-16T16:21:33.813
Euro Area,Currency,2018-08-17T00:00:00,1.1437,Daily,EURUSD,2020-05-16T16:21:33.813
Euro Area,Currency,2018-08-19T00:00:00,1.1437,Daily,EURUSD,2020-05-16T16:21:33.813
Euro Area,Currency,2018-08-20T00:00:00,1.1479,Daily,EURUSD,2020-05-16T16:21:33.813
Euro Area,Currency,2018-08-21T00:00:00,1.1569,Daily,EURUSD,2020-05-16T16:21:33.813
Euro Area,Currency,2018-08-22T00:00:00,1.1596,Daily,EURUSD,2020-05-16T16:21:33.813
Euro Area,Currency,2018-08-23T00:00:00,1.1537,Daily,EURUSD,2020-05-16T16:21:33.813
Euro Area,Currency,2018-08-24T00:00:00,1.1621,Daily,EURUSD,2020-05-16T16:21:33.813
Euro Area,Currency,2018-08-27T00:00:00,1.1677,Daily,EURUSD,2020-05-16T16:21:33.813
Euro Area,Currency,2018-08-28T00:00:00,1.1693,Daily,EURUSD,2020-05-16T16:21:33.813
Euro Area,Currency,2018-08-29T00:00:00,1.1706,Daily,EURUSD,2020-05-16T16:21:33.813
Euro Area,Currency,2018-08-30T00:00:00,1.1665,Daily,EURUSD,2020-05-16T16:21:33.813
Euro Area,Currency,2018-08-31T00:00:00,1.1597,Daily,EURUSD,2020-05-16T16:21:33.813
Euro Area,Currency,2018-09-02T00:00:00,1.1595,Daily,EURUSD,2020-05-16T16:21:33.813
Euro Area,Currency,2018-09-03T00:00:00,1.1623,Daily,EURUSD,2020-05-16T16:21:33.813
Euro Area,Currency,2018-09-04T00:00:00,1.1585,Daily,EURUSD,2020-05-16T16:21:33.813
Euro Area,Currency,2018-09-05T00:00:00,1.1634,Daily,EURUSD,2020-05-16T16:21:33.813
Euro Area,Currency,2018-09-06T00:00:00,1.1622,Daily,EURUSD,2020-05-16T16:21:33.813
Euro Area,Currency,2018-09-07T00:00:00,1.1552,Daily,EURUSD,2020-05-16T16:21:33.813
Euro Area,Currency,2018-09-09T00:00:00,1.1557,Daily,EURUSD,2020-05-16T16:21:33.813
Euro Area,Currency,2018-09-10T00:00:00,1.1592,Daily,EURUSD,2020-05-16T16:21:33.813
Euro Area,Currency,2018-09-11T00:00:00,1.1605,Daily,EURUSD,2020-05-16T16:21:33.813
Euro Area,Currency,2018-09-12T00:00:00,1.1624,Daily,EURUSD,2020-05-16T16:21:33.813
Euro Area,Currency,2018-09-13T00:00:00,1.1688,Daily,EURUSD,2020-05-16T16:21:33.813
Euro Area,Currency,2018-09-14T00:00:00,1.1628,Daily,EURUSD,2020-05-16T16:21:33.813
Euro Area,Currency,2018-09-16T00:00:00,1.1625,Daily,EURUSD,2020-05-16T16:21:33.813
Euro Area,Currency,2018-09-17T00:00:00,1.1683,Daily,EURUSD,2020-05-16T16:21:33.813
Euro Area,Currency,2018-09-18T00:00:00,1.1665,Daily,EURUSD,2020-05-16T16:21:33.813
Euro Area,Currency,2018-09-19T00:00:00,1.1672,Daily,EURUSD,2020-05-16T16:21:33.813
Euro Area,Currency,2018-09-20T00:00:00,1.1775,Daily,EURUSD,2020-05-16T16:21:33.813
Euro Area,Currency,2018-09-21T00:00:00,1.1749,Daily,EURUSD,2020-05-16T16:21:33.813
Euro Area,Currency,2018-09-23T00:00:00,1.1748,Daily,EURUSD,2020-05-16T16:21:33.813
Euro Area,Currency,2018-09-24T00:00:00,1.1746,Daily,EURUSD,2020-05-16T16:21:33.813
Euro Area,Currency,2018-09-25T00:00:00,1.1771,Daily,EURUSD,2020-05-16T16:21:33.813
Euro Area,Currency,2018-09-26T00:00:00,1.1738,Daily,EURUSD,2020-05-16T16:21:33.813
Euro Area,Currency,2018-09-27T00:00:00,1.1639,Daily,EURUSD,2020-05-16T16:21:33.813
Euro Area,Currency,2018-09-28T00:00:00,1.1608,Daily,EURUSD,2020-05-16T16:21:33.813
Euro Area,Currency,2018-09-30T00:00:00,1.1605,Daily,EURUSD,2020-05-16T16:21:33.813
Euro Area,Currency,2018-10-01T00:00:00,1.1576,Daily,EURUSD,2020-05-16T16:21:33.813
Euro Area,Currency,2018-10-02T00:00:00,1.1546,Daily,EURUSD,2020-05-16T16:21:33.813
Euro Area,Currency,2018-10-03T00:00:00,1.1476,Daily,EURUSD,2020-05-16T16:21:33.813
Euro Area,Currency,2018-10-04T00:00:00,1.1513,Daily,EURUSD,2020-05-16T16:21:33.813
Euro Area,Currency,2018-10-05T00:00:00,1.1523,Daily,EURUSD,2020-05-16T16:21:33.813
Euro Area,Currency,2018-10-08T00:00:00,1.149,Daily,EURUSD,2020-05-16T16:21:33.813
Euro Area,Currency,2018-10-09T00:00:00,1.1489,Daily,EURUSD,2020-05-16T16:21:33.813
Euro Area,Currency,2018-10-10T00:00:00,1.1518,Daily,EURUSD,2020-05-16T16:21:33.813
Euro Area,Currency,2018-10-11T00:00:00,1.1593,Daily,EURUSD,2020-05-16T16:21:33.813
Euro Area,Currency,2018-10-12T00:00:00,1.1562,Daily,EURUSD,2020-05-16T16:21:33.813
Euro Area,Currency,2018-10-14T00:00:00,1.1552,Daily,EURUSD,2020-05-16T16:21:33.813
Euro Area,Currency,2018-10-15T00:00:00,1.1577,Daily,EURUSD,2020-05-16T16:21:33.813
Euro Area,Currency,2018-10-16T00:00:00,1.1573,Daily,EURUSD,2020-05-16T16:21:33.813
Euro Area,Currency,2018-10-17T00:00:00,1.1499,Daily,EURUSD,2020-05-16T16:21:33.813
Euro Area,Currency,2018-10-18T00:00:00,1.1452,Daily,EURUSD,2020-05-16T16:21:33.813
Euro Area,Currency,2018-10-19T00:00:00,1.1513,Daily,EURUSD,2020-05-16T16:21:33.813
Euro Area,Currency,2018-10-21T00:00:00,1.1511,Daily,EURUSD,2020-05-16T16:21:33.813
Euro Area,Currency,2018-10-22T00:00:00,1.1463,Daily,EURUSD,2020-05-16T16:21:33.813
Euro Area,Currency,2018-10-23T00:00:00,1.1469,Daily,EURUSD,2020-05-16T16:21:33.813
Euro Area,Currency,2018-10-24T00:00:00,1.1391,Daily,EURUSD,2020-05-16T16:21:33.813
Euro Area,Currency,2018-10-25T00:00:00,1.1374,Daily,EURUSD,2020-05-16T16:21:33.813
Euro Area,Currency,2018-10-26T00:00:00,1.1401,Daily,EURUSD,2020-05-16T16:21:33.813
Euro Area,Currency,2018-10-28T00:00:00,1.1402,Daily,EURUSD,2020-05-16T16:21:33.813
Euro Area,Currency,2018-10-29T00:00:00,1.1371,Daily,EURUSD,2020-05-16T16:21:33.813
Euro Area,Currency,2018-10-30T00:00:00,1.1344,Daily,EURUSD,2020-05-16T16:21:33.813
Euro Area,Currency,2018-10-31T00:00:00,1.131,Daily,EURUSD,2020-05-16T16:21:33.813
Euro Area,Currency,2018-11-01T00:00:00,1.1407,Daily,EURUSD,2020-05-16T16:21:33.813
Euro Area,Currency,2018-11-02T00:00:00,1.1385,Daily,EURUSD,2020-05-16T16:21:33.813
Euro Area,Currency,2018-11-04T00:00:00,1.1399,Daily,EURUSD,2020-05-16T16:21:33.813
Euro Area,Currency,2018-11-05T00:00:00,1.1406,Daily,EURUSD,2020-05-16T16:21:33.813
Euro Area,Currency,2018-11-06T00:00:00,1.1426,Daily,EURUSD,2020-05-16T16:21:33.813
Euro Area,Currency,2018-11-07T00:00:00,1.1424,Daily,EURUSD,2020-05-16T16:21:33.813
Euro Area,Currency,2018-11-08T00:00:00,1.1362,Daily,EURUSD,2020-05-16T16:21:33.813
Euro Area,Currency,2018-11-09T00:00:00,1.1334,Daily,EURUSD,2020-05-16T16:21:33.813
Euro Area,Currency,2018-11-12T00:00:00,1.1217,Daily,EURUSD,2020-05-16T16:21:33.813
Euro Area,Currency,2018-11-13T00:00:00,1.1289,Daily,EURUSD,2020-05-16T16:21:33.813
Euro Area,Currency,2018-11-14T00:00:00,1.1308,Daily,EURUSD,2020-05-16T16:21:33.813
Euro Area,Currency,2018-11-15T00:00:00,1.1326,Daily,EURUSD,2020-05-16T16:21:33.813
Euro Area,Currency,2018-11-16T00:00:00,1.1418,Daily,EURUSD,2020-05-16T16:21:33.813
Euro Area,Currency,2018-11-18T00:00:00,1.141,Daily,EURUSD,2020-05-16T16:21:33.813
Euro Area,Currency,2018-11-19T00:00:00,1.1451,Daily,EURUSD,2020-05-16T16:21:33.813
Euro Area,Currency,2018-11-20T00:00:00,1.137,Daily,EURUSD,2020-05-16T16:21:33.813
Euro Area,Currency,2018-11-21T00:00:00,1.1383,Daily,EURUSD,2020-05-16T16:21:33.813
Euro Area,Currency,2018-11-22T00:00:00,1.1407,Daily,EURUSD,2020-05-16T16:21:33.813
Euro Area,Currency,2018-11-23T00:00:00,1.134,Daily,EURUSD,2020-05-16T16:21:33.813
Euro Area,Currency,2018-11-25T00:00:00,1.1334,Daily,EURUSD,2020-05-16T16:21:33.813
Euro Area,Currency,2018-11-26T00:00:00,1.1326,Daily,EURUSD,2020-05-16T16:21:33.813
Euro Area,Currency,2018-11-27T00:00:00,1.1288,Daily,EURUSD,2020-05-16T16:21:33.813
Euro Area,Currency,2018-11-28T00:00:00,1.1366,Daily,EURUSD,2020-05-16T16:21:33.813
Euro Area,Currency,2018-11-29T00:00:00,1.1391,Daily,EURUSD,2020-05-16T16:21:33.813
Euro Area,Currency,2018-11-30T00:00:00,1.1315,Daily,EURUSD,2020-05-16T16:21:33.813
Euro Area,Currency,2018-12-02T00:00:00,1.1339,Daily,EURUSD,2020-05-16T16:21:33.813
Euro Area,Currency,2018-12-03T00:00:00,1.1352,Daily,EURUSD,2020-05-16T16:21:33.813
Euro Area,Currency,2018-12-04T00:00:00,1.1344,Daily,EURUSD,2020-05-16T16:21:33.813
Euro Area,Currency,2018-12-05T00:00:00,1.1344,Daily,EURUSD,2020-05-16T16:21:33.813
Euro Area,Currency,2018-12-06T00:00:00,1.1374,Daily,EURUSD,2020-05-16T16:21:33.813
Euro Area,Currency,2018-12-07T00:00:00,1.1376,Daily,EURUSD,2020-05-16T16:21:33.813
Euro Area,Currency,2018-12-09T00:00:00,1.1406,Daily,EURUSD,2020-05-16T16:21:33.813
Euro Area,Currency,2018-12-10T00:00:00,1.1355,Daily,EURUSD,2020-05-16T16:21:33.813
Euro Area,Currency,2018-12-11T00:00:00,1.1314,Daily,EURUSD,2020-05-16T16:21:33.813
Euro Area,Currency,2018-12-12T00:00:00,1.1368,Daily,EURUSD,2020-05-16T16:21:33.813
Euro Area,Currency,2018-12-13T00:00:00,1.1361,Daily,EURUSD,2020-05-16T16:21:33.813
Euro Area,Currency,2018-12-14T00:00:00,1.1307,Daily,EURUSD,2020-05-16T16:21:33.813
Euro Area,Currency,2018-12-17T00:00:00,1.1346,Daily,EURUSD,2020-05-16T16:21:33.813
Euro Area,Currency,2018-12-18T00:00:00,1.1361,Daily,EURUSD,2020-05-16T16:21:33.813
Euro Area,Currency,2018-12-19T00:00:00,1.1375,Daily,EURUSD,2020-05-16T16:21:33.813
Euro Area,Currency,2018-12-20T00:00:00,1.1444,Daily,EURUSD,2020-05-16T16:21:33.813
Euro Area,Currency,2018-12-21T00:00:00,1.1367,Daily,EURUSD,2020-05-16T16:21:33.813
Euro Area,Currency,2018-12-23T00:00:00,1.1372,Daily,EURUSD,2020-05-16T16:21:33.813
Euro Area,Currency,2018-12-24T00:00:00,1.1399,Daily,EURUSD,2020-05-16T16:21:33.813
Euro Area,Currency,2018-12-25T00:00:00,1.1361,Daily,EURUSD,2020-05-16T16:21:33.813
Euro Area,Currency,2018-12-26T00:00:00,1.1351,Daily,EURUSD,2020-05-16T16:21:33.813
Euro Area,Currency,2018-12-27T00:00:00,1.1429,Daily,EURUSD,2020-05-16T16:21:33.813
Euro Area,Currency,2018-12-28T00:00:00,1.1436,Daily,EURUSD,2020-05-16T16:21:33.813
Euro Area,Currency,2018-12-30T00:00:00,1.1439,Daily,EURUSD,2020-05-16T16:21:33.813
Euro Area,Currency,2018-12-31T00:00:00,1.1469,Daily,EURUSD,2020-05-16T16:21:33.813
Euro Area,Currency,2019-01-01T00:00:00,1.1462,Daily,EURUSD,2020-05-16T16:21:33.813
Euro Area,Currency,2019-01-02T00:00:00,1.1342,Daily,EURUSD,2020-05-16T16:21:33.813
Euro Area,Currency,2019-01-03T00:00:00,1.1392,Daily,EURUSD,2020-05-16T16:21:33.813
Euro Area,Currency,2019-01-04T00:00:00,1.1393,Daily,EURUSD,2020-05-16T16:21:33.813
Euro Area,Currency,2019-01-07T00:00:00,1.1474,Daily,EURUSD,2020-05-16T16:21:33.813
Euro Area,Currency,2019-01-08T00:00:00,1.144,Daily,EURUSD,2020-05-16T16:21:33.813
Euro Area,Currency,2019-01-09T00:00:00,1.1541,Daily,EURUSD,2020-05-16T16:21:33.813
Euro Area,Currency,2019-01-10T00:00:00,1.1498,Daily,EURUSD,2020-05-16T16:21:33.813
Euro Area,Currency,2019-01-11T00:00:00,1.1467,Daily,EURUSD,2020-05-16T16:21:33.813
Euro Area,Currency,2019-01-13T00:00:00,1.1461,Daily,EURUSD,2020-05-16T16:21:33.813
Euro Area,Currency,2019-01-14T00:00:00,1.1474,Daily,EURUSD,2020-05-16T16:21:33.813
Euro Area,Currency,2019-01-15T00:00:00,1.1414,Daily,EURUSD,2020-05-16T16:21:33.813
Euro Area,Currency,2019-01-16T00:00:00,1.1397,Daily,EURUSD,2020-05-16T16:21:33.813
Euro Area,Currency,2019-01-17T00:00:00,1.1395,Daily,EURUSD,2020-05-16T16:21:33.813
Euro Area,Currency,2019-01-18T00:00:00,1.1361,Daily,EURUSD,2020-05-16T16:21:33.813
Euro Area,Currency,2019-01-20T00:00:00,1.1366,Daily,EURUSD,2020-05-16T16:21:33.813
Euro Area,Currency,2019-01-21T00:00:00,1.1364,Daily,EURUSD,2020-05-16T16:21:33.813
Euro Area,Currency,2019-01-22T00:00:00,1.1358,Daily,EURUSD,2020-05-16T16:21:33.813
Euro Area,Currency,2019-01-23T00:00:00,1.138,Daily,EURUSD,2020-05-16T16:21:33.813
Euro Area,Currency,2019-01-24T00:00:00,1.1305,Daily,EURUSD,2020-05-16T16:21:33.813
Euro Area,Currency,2019-01-25T00:00:00,1.1412,Daily,EURUSD,2020-05-16T16:21:33.813
Euro Area,Currency,2019-01-27T00:00:00,1.1412,Daily,EURUSD,2020-05-16T16:21:33.813
Euro Area,Currency,2019-01-28T00:00:00,1.1433,Daily,EURUSD,2020-05-16T16:21:33.813
Euro Area,Currency,2019-01-29T00:00:00,1.143,Daily,EURUSD,2020-05-16T16:21:33.813
Euro Area,Currency,2019-01-30T00:00:00,1.1477,Daily,EURUSD,2020-05-16T16:21:33.813
Euro Area,Currency,2019-01-31T00:00:00,1.1444,Daily,EURUSD,2020-05-16T16:21:33.813
Euro Area,Currency,2019-02-01T00:00:00,1.1454,Daily,EURUSD,2020-05-16T16:21:33.813
Euro Area,Currency,2019-02-03T00:00:00,1.1456,Daily,EURUSD,2020-05-16T16:21:33.813
Euro Area,Currency,2019-02-04T00:00:00,1.1435,Daily,EURUSD,2020-05-16T16:21:33.813
Euro Area,Currency,2019-02-05T00:00:00,1.1412,Daily,EURUSD,2020-05-16T16:21:33.813
Euro Area,Currency,2019-02-06T00:00:00,1.136,Daily,EURUSD,2020-05-16T16:21:33.813
Euro Area,Currency,2019-02-07T00:00:00,1.134,Daily,EURUSD,2020-05-16T16:21:33.813
Euro Area,Currency,2019-02-08T00:00:00,1.1328,Daily,EURUSD,2020-05-16T16:21:33.813
Euro Area,Currency,2019-02-10T00:00:00,1.1323,Daily,EURUSD,2020-05-16T16:21:33.813
Euro Area,Currency,2019-02-11T00:00:00,1.1275,Daily,EURUSD,2020-05-16T16:21:33.813
Euro Area,Currency,2019-02-12T00:00:00,1.1324,Daily,EURUSD,2020-05-16T16:21:33.813
Euro Area,Currency,2019-02-13T00:00:00,1.1265,Daily,EURUSD,2020-05-16T16:21:33.813
Euro Area,Currency,2019-02-14T00:00:00,1.1299,Daily,EURUSD,2020-05-16T16:21:33.813
Euro Area,Currency,2019-02-15T00:00:00,1.1293,Daily,EURUSD,2020-05-16T16:21:33.813
Euro Area,Currency,2019-02-17T00:00:00,1.1294,Daily,EURUSD,2020-05-16T16:21:33.813
Euro Area,Currency,2019-02-18T00:00:00,1.1308,Daily,EURUSD,2020-05-16T16:21:33.813
Euro Area,Currency,2019-02-19T00:00:00,1.134,Daily,EURUSD,2020-05-16T16:21:33.813
Euro Area,Currency,2019-02-20T00:00:00,1.1335,Daily,EURUSD,2020-05-16T16:21:33.813
Euro Area,Currency,2019-02-21T00:00:00,1.1334,Daily,EURUSD,2020-05-16T16:21:33.813
Euro Area,Currency,2019-02-22T00:00:00,1.1341,Daily,EURUSD,2020-05-16T16:21:33.813
Euro Area,Currency,2019-02-24T00:00:00,1.134,Daily,EURUSD,2020-05-16T16:21:33.813
Euro Area,Currency,2019-02-25T00:00:00,1.1358,Daily,EURUSD,2020-05-16T16:21:33.813
Euro Area,Currency,2019-02-26T00:00:00,1.1385,Daily,EURUSD,2020-05-16T16:21:33.813
Euro Area,Currency,2019-02-27T00:00:00,1.1369,Daily,EURUSD,2020-05-16T16:21:33.813
Euro Area,Currency,2019-02-28T00:00:00,1.137,Daily,EURUSD,2020-05-16T16:21:33.813
Euro Area,Currency,2019-03-01T00:00:00,1.1374,Daily,EURUSD,2020-05-16T16:21:33.813
Euro Area,Currency,2019-03-03T00:00:00,1.1376,Daily,EURUSD,2020-05-16T16:21:33.813
Euro Area,Currency,2019-03-04T00:00:00,1.1337,Daily,EURUSD,2020-05-16T16:21:33.813
Euro Area,Currency,2019-03-05T00:00:00,1.1306,Daily,EURUSD,2020-05-16T16:21:33.813
Euro Area,Currency,2019-03-06T00:00:00,1.1305,Daily,EURUSD,2020-05-16T16:21:33.813
Euro Area,Currency,2019-03-07T00:00:00,1.1192,Daily,EURUSD,2020-05-16T16:21:33.813
Euro Area,Currency,2019-03-08T00:00:00,1.1238,Daily,EURUSD,2020-05-16T16:21:33.813
Euro Area,Currency,2019-03-10T00:00:00,1.1235,Daily,EURUSD,2020-05-16T16:21:33.813
Euro Area,Currency,2019-03-11T00:00:00,1.1247,Daily,EURUSD,2020-05-16T16:21:33.813
Euro Area,Currency,2019-03-12T00:00:00,1.1286,Daily,EURUSD,2020-05-16T16:21:33.813
Euro Area,Currency,2019-03-13T00:00:00,1.1325,Daily,EURUSD,2020-05-16T16:21:33.813
Euro Area,Currency,2019-03-14T00:00:00,1.1302,Daily,EURUSD,2020-05-16T16:21:33.813
Euro Area,Currency,2019-03-15T00:00:00,1.1325,Daily,EURUSD,2020-05-16T16:21:33.813
Euro Area,Currency,2019-03-18T00:00:00,1.1336,Daily,EURUSD,2020-05-16T16:21:33.813
Euro Area,Currency,2019-03-19T00:00:00,1.1349,Daily,EURUSD,2020-05-16T16:21:33.813
Euro Area,Currency,2019-03-20T00:00:00,1.1411,Daily,EURUSD,2020-05-16T16:21:33.813
Euro Area,Currency,2019-03-21T00:00:00,1.1373,Daily,EURUSD,2020-05-16T16:21:33.813
Euro Area,Currency,2019-03-22T00:00:00,1.1313,Daily,EURUSD,2020-05-16T16:21:33.813
Euro Area,Currency,2019-03-24T00:00:00,1.1296,Daily,EURUSD,2020-05-16T16:21:33.813
Euro Area,Currency,2019-03-25T00:00:00,1.1311,Daily,EURUSD,2020-05-16T16:21:33.813
Euro Area,Currency,2019-03-26T00:00:00,1.1264,Daily,EURUSD,2020-05-16T16:21:33.813
Euro Area,Currency,2019-03-27T00:00:00,1.1247,Daily,EURUSD,2020-05-16T16:21:33.813
Euro Area,Currency,2019-03-28T00:00:00,1.122,Daily,EURUSD,2020-05-16T16:21:33.813
Euro Area,Currency,2019-03-29T00:00:00,1.1217,Daily,EURUSD,2020-05-16T16:21:33.813
Euro Area,Currency,2019-03-31T00:00:00,1.1225,Daily,EURUSD,2020-05-16T16:21:33.813
Euro Area,Currency,2019-04-01T00:00:00,1.1212,Daily,EURUSD,2020-05-16T16:21:33.813
Euro Area,Currency,2019-04-02T00:00:00,1.1202,Daily,EURUSD,2020-05-16T16:21:33.813
Euro Area,Currency,2019-04-03T00:00:00,1.1234,Daily,EURUSD,2020-05-16T16:21:33.813
Euro Area,Currency,2019-04-04T00:00:00,1.122,Daily,EURUSD,2020-05-16T16:21:33.813
Euro Area,Currency,2019-04-05T00:00:00,1.1214,Daily,EURUSD,2020-05-16T16:21:33.813
Euro Area,Currency,2019-04-07T00:00:00,1.1216,Daily,EURUSD,2020-05-16T16:21:33.813
Euro Area,Currency,2019-04-08T00:00:00,1.1259,Daily,EURUSD,2020-05-16T16:21:33.813
Euro Area,Currency,2019-04-09T00:00:00,1.1261,Daily,EURUSD,2020-05-16T16:21:33.813
Euro Area,Currency,2019-04-10T00:00:00,1.1273,Daily,EURUSD,2020-05-16T16:21:33.813
Euro Area,Currency,2019-04-11T00:00:00,1.125,Daily,EURUSD,2020-05-16T16:21:33.813
Euro Area,Currency,2019-04-12T00:00:00,1.13,Daily,EURUSD,2020-05-16T16:21:33.813
Euro Area,Currency,2019-04-14T00:00:00,1.1304,Daily,EURUSD,2020-05-16T16:21:33.813
Euro Area,Currency,2019-04-15T00:00:00,1.1307,Daily,EURUSD,2020-05-16T16:21:33.813
Euro Area,Currency,2019-04-16T00:00:00,1.128,Daily,EURUSD,2020-05-16T16:21:33.813
Euro Area,Currency,2019-04-17T00:00:00,1.1294,Daily,EURUSD,2020-05-16T16:21:33.813
Euro Area,Currency,2019-04-18T00:00:00,1.1229,Daily,EURUSD,2020-05-16T16:21:33.813
Euro Area,Currency,2019-04-19T00:00:00,1.1246,Daily,EURUSD,2020-05-16T16:21:33.813
Euro Area,Currency,2019-04-21T00:00:00,1.1244,Daily,EURUSD,2020-05-16T16:21:33.813
Euro Area,Currency,2019-04-22T00:00:00,1.1255,Daily,EURUSD,2020-05-16T16:21:33.813
Euro Area,Currency,2019-04-23T00:00:00,1.1225,Daily,EURUSD,2020-05-16T16:21:33.813
Euro Area,Currency,2019-04-24T00:00:00,1.1152,Daily,EURUSD,2020-05-16T16:21:33.813
Euro Area,Currency,2019-04-25T00:00:00,1.113,Daily,EURUSD,2020-05-16T16:21:33.813
Euro Area,Currency,2019-04-26T00:00:00,1.1148,Daily,EURUSD,2020-05-16T16:21:33.813
Euro Area,Currency,2019-04-28T00:00:00,1.1148,Daily,EURUSD,2020-05-16T16:21:33.813
Euro Area,Currency,2019-04-29T00:00:00,1.1185,Daily,EURUSD,2020-05-16T16:21:33.813
Euro Area,Currency,2019-04-30T00:00:00,1.1215,Daily,EURUSD,2020-05-16T16:21:33.813
Euro Area,Currency,2019-05-01T00:00:00,1.1194,Daily,EURUSD,2020-05-16T16:21:33.813
Euro Area,Currency,2019-05-02T00:00:00,1.1176,Daily,EURUSD,2020-05-16T16:21:33.813
Euro Area,Currency,2019-05-03T00:00:00,1.12,Daily,EURUSD,2020-05-16T16:21:33.813
Euro Area,Currency,2019-05-05T00:00:00,1.1193,Daily,EURUSD,2020-05-16T16:21:33.813
Euro Area,Currency,2019-05-06T00:00:00,1.1197,Daily,EURUSD,2020-05-16T16:21:33.813
Euro Area,Currency,2019-05-07T00:00:00,1.119,Daily,EURUSD,2020-05-16T16:21:33.813
Euro Area,Currency,2019-05-08T00:00:00,1.1191,Daily,EURUSD,2020-05-16T16:21:33.813
Euro Area,Currency,2019-05-09T00:00:00,1.122,Daily,EURUSD,2020-05-16T16:21:33.813
Euro Area,Currency,2019-05-10T00:00:00,1.1233,Daily,EURUSD,2020-05-16T16:21:33.813
Euro Area,Currency,2019-05-12T00:00:00,1.1238,Daily,EURUSD,2020-05-16T16:21:33.813
Euro Area,Currency,2019-05-13T00:00:00,1.1223,Daily,EURUSD,2020-05-16T16:21:33.813
Euro Area,Currency,2019-05-14T00:00:00,1.1203,Daily,EURUSD,2020-05-16T16:21:33.813
Euro Area,Currency,2019-05-15T00:00:00,1.12,Daily,EURUSD,2020-05-16T16:21:33.813
Euro Area,Currency,2019-05-16T00:00:00,1.1172,Daily,EURUSD,2020-05-16T16:21:33.813
Euro Area,Currency,2019-05-17T00:00:00,1.1156,Daily,EURUSD,2020-05-16T16:21:33.813
Euro Area,Currency,2019-05-19T00:00:00,1.1163,Daily,EURUSD,2020-05-16T16:21:33.813
Euro Area,Currency,2019-05-20T00:00:00,1.117,Daily,EURUSD,2020-05-16T16:21:33.813
Euro Area,Currency,2019-05-21T00:00:00,1.1158,Daily,EURUSD,2020-05-16T16:21:33.813
Euro Area,Currency,2019-05-22T00:00:00,1.1152,Daily,EURUSD,2020-05-16T16:21:33.813
Euro Area,Currency,2019-05-23T00:00:00,1.118,Daily,EURUSD,2020-05-16T16:21:33.813
Euro Area,Currency,2019-05-24T00:00:00,1.1202,Daily,EURUSD,2020-05-16T16:21:33.813
Euro Area,Currency,2019-05-26T00:00:00,1.1211,Daily,EURUSD,2020-05-16T16:21:33.813
Euro Area,Currency,2019-05-27T00:00:00,1.1196,Daily,EURUSD,2020-05-16T16:21:33.813
Euro Area,Currency,2019-05-28T00:00:00,1.116,Daily,EURUSD,2020-05-16T16:21:33.813
Euro Area,Currency,2019-05-29T00:00:00,1.1129,Daily,EURUSD,2020-05-16T16:21:33.813
Euro Area,Currency,2019-05-30T00:00:00,1.113,Daily,EURUSD,2020-05-16T16:21:33.813
Euro Area,Currency,2019-05-31T00:00:00,1.1167,Daily,EURUSD,2020-05-16T16:21:33.813
Euro Area,Currency,2019-06-02T00:00:00,1.1173,Daily,EURUSD,2020-05-16T16:21:33.813
Euro Area,Currency,2019-06-03T00:00:00,1.124,Daily,EURUSD,2020-05-16T16:21:33.813
Euro Area,Currency,2019-06-04T00:00:00,1.1251,Daily,EURUSD,2020-05-16T16:21:33.813
Euro Area,Currency,2019-06-05T00:00:00,1.1219,Daily,EURUSD,2020-05-16T16:21:33.813
Euro Area,Currency,2019-06-06T00:00:00,1.1274,Daily,EURUSD,2020-05-16T16:21:33.813
Euro Area,Currency,2019-06-07T00:00:00,1.1331,Daily,EURUSD,2020-05-16T16:21:33.813
Euro Area,Currency,2019-06-09T00:00:00,1.1318,Daily,EURUSD,2020-05-16T16:21:33.813
Euro Area,Currency,2019-06-10T00:00:00,1.1312,Daily,EURUSD,2020-05-16T16:21:33.813
Euro Area,Currency,2019-06-11T00:00:00,1.1329,Daily,EURUSD,2020-05-16T16:21:33.813
Euro Area,Currency,2019-06-12T00:00:00,1.1287,Daily,EURUSD,2020-05-16T16:21:33.813
Euro Area,Currency,2019-06-13T00:00:00,1.1275,Daily,EURUSD,2020-05-16T16:21:33.813
Euro Area,Currency,2019-06-14T00:00:00,1.1207,Daily,EURUSD,2020-05-16T16:21:33.813
Euro Area,Currency,2019-06-16T00:00:00,1.1216,Daily,EURUSD,2020-05-16T16:21:33.813
Euro Area,Currency,2019-06-17T00:00:00,1.1217,Daily,EURUSD,2020-05-16T16:21:33.813
Euro Area,Currency,2019-06-18T00:00:00,1.1191,Daily,EURUSD,2020-05-16T16:21:33.813
Euro Area,Currency,2019-06-19T00:00:00,1.1224,Daily,EURUSD,2020-05-16T16:21:33.813
Euro Area,Currency,2019-06-20T00:00:00,1.1291,Daily,EURUSD,2020-05-16T16:21:33.813
Euro Area,Currency,2019-06-21T00:00:00,1.1366,Daily,EURUSD,2020-05-16T16:21:33.813
Euro Area,Currency,2019-06-23T00:00:00,1.138,Daily,EURUSD,2020-05-16T16:21:33.813
Euro Area,Currency,2019-06-24T00:00:00,1.1396,Daily,EURUSD,2020-05-16T16:21:33.813
Euro Area,Currency,2019-06-25T00:00:00,1.1365,Daily,EURUSD,2020-05-16T16:21:33.813
Euro Area,Currency,2019-06-26T00:00:00,1.1368,Daily,EURUSD,2020-05-16T16:21:33.813
Euro Area,Currency,2019-06-27T00:00:00,1.1368,Daily,EURUSD,2020-05-16T16:21:33.813
Euro Area,Currency,2019-06-28T00:00:00,1.1368,Daily,EURUSD,2020-05-16T16:21:33.813
Euro Area,Currency,2019-06-30T00:00:00,1.1367,Daily,EURUSD,2020-05-16T16:21:33.813
Euro Area,Currency,2019-07-01T00:00:00,1.1285,Daily,EURUSD,2020-05-16T16:21:33.813
Euro Area,Currency,2019-07-02T00:00:00,1.1283,Daily,EURUSD,2020-05-16T16:21:33.813
Euro Area,Currency,2019-07-03T00:00:00,1.1277,Daily,EURUSD,2020-05-16T16:21:33.813
Euro Area,Currency,2019-07-04T00:00:00,1.1284,Daily,EURUSD,2020-05-16T16:21:33.813
Euro Area,Currency,2019-07-05T00:00:00,1.1224,Daily,EURUSD,2020-05-16T16:21:33.813
Euro Area,Currency,2019-07-07T00:00:00,1.1227,Daily,EURUSD,2020-05-16T16:21:33.813
Euro Area,Currency,2019-07-08T00:00:00,1.1214,Daily,EURUSD,2020-05-16T16:21:33.813
Euro Area,Currency,2019-07-09T00:00:00,1.1206,Daily,EURUSD,2020-05-16T16:21:33.813
Euro Area,Currency,2019-07-10T00:00:00,1.1249,Daily,EURUSD,2020-05-16T16:21:33.813
Euro Area,Currency,2019-07-11T00:00:00,1.1252,Daily,EURUSD,2020-05-16T16:21:33.813
Euro Area,Currency,2019-07-12T00:00:00,1.1269,Daily,EURUSD,2020-05-16T16:21:33.813
Euro Area,Currency,2019-07-14T00:00:00,1.1271,Daily,EURUSD,2020-05-16T16:21:33.813
Euro Area,Currency,2019-07-15T00:00:00,1.1257,Daily,EURUSD,2020-05-16T16:21:33.813
Euro Area,Currency,2019-07-16T00:00:00,1.1209,Daily,EURUSD,2020-05-16T16:21:33.813
Euro Area,Currency,2019-07-17T00:00:00,1.1223,Daily,EURUSD,2020-05-16T16:21:33.813
Euro Area,Currency,2019-07-18T00:00:00,1.1275,Daily,EURUSD,2020-05-16T16:21:33.813
Euro Area,Currency,2019-07-19T00:00:00,1.122,Daily,EURUSD,2020-05-16T16:21:33.813
Euro Area,Currency,2019-07-21T00:00:00,1.1218,Daily,EURUSD,2020-05-16T16:21:33.813
Euro Area,Currency,2019-07-22T00:00:00,1.1208,Daily,EURUSD,2020-05-16T16:21:33.813
Euro Area,Currency,2019-07-23T00:00:00,1.1151,Daily,EURUSD,2020-05-16T16:21:33.813
Euro Area,Currency,2019-07-24T00:00:00,1.1139,Daily,EURUSD,2020-05-16T16:21:33.813
Euro Area,Currency,2019-07-25T00:00:00,1.1145,Daily,EURUSD,2020-05-16T16:21:33.813
Euro Area,Currency,2019-07-26T00:00:00,1.1125,Daily,EURUSD,2020-05-16T16:21:33.813
Euro Area,Currency,2019-07-28T00:00:00,1.1131,Daily,EURUSD,2020-05-16T16:21:33.813
Euro Area,Currency,2019-07-29T00:00:00,1.1144,Daily,EURUSD,2020-05-16T16:21:33.813
Euro Area,Currency,2019-07-30T00:00:00,1.1153,Daily,EURUSD,2020-05-16T16:21:33.813
Euro Area,Currency,2019-07-31T00:00:00,1.1074,Daily,EURUSD,2020-05-16T16:21:33.813
Euro Area,Currency,2019-08-01T00:00:00,1.1083,Daily,EURUSD,2020-05-16T16:21:33.813
Euro Area,Currency,2019-08-02T00:00:00,1.1107,Daily,EURUSD,2020-05-16T16:21:33.813
Euro Area,Currency,2019-08-04T00:00:00,1.1107,Daily,EURUSD,2020-05-16T16:21:33.813
Euro Area,Currency,2019-08-05T00:00:00,1.1202,Daily,EURUSD,2020-05-16T16:21:33.813
Euro Area,Currency,2019-08-06T00:00:00,1.1198,Daily,EURUSD,2020-05-16T16:21:33.813
Euro Area,Currency,2019-08-07T00:00:00,1.1197,Daily,EURUSD,2020-05-16T16:21:33.813
Euro Area,Currency,2019-08-08T00:00:00,1.1178,Daily,EURUSD,2020-05-16T16:21:33.813
Euro Area,Currency,2019-08-09T00:00:00,1.1198,Daily,EURUSD,2020-05-16T16:21:33.813
Euro Area,Currency,2019-08-11T00:00:00,1.1205,Daily,EURUSD,2020-05-16T16:21:33.813
Euro Area,Currency,2019-08-12T00:00:00,1.1212,Daily,EURUSD,2020-05-16T16:21:33.813
Euro Area,Currency,2019-08-13T00:00:00,1.1169,Daily,EURUSD,2020-05-16T16:21:33.813
Euro Area,Currency,2019-08-14T00:00:00,1.1138,Daily,EURUSD,2020-05-16T16:21:33.813
Euro Area,Currency,2019-08-15T00:00:00,1.1106,Daily,EURUSD,2020-05-16T16:21:33.813
Euro Area,Currency,2019-08-16T00:00:00,1.1089,Daily,EURUSD,2020-05-16T16:21:33.813
Euro Area,Currency,2019-08-18T00:00:00,1.1094,Daily,EURUSD,2020-05-16T16:21:33.813
Euro Area,Currency,2019-08-19T00:00:00,1.1076,Daily,EURUSD,2020-05-16T16:21:33.813
Euro Area,Currency,2019-08-20T00:00:00,1.1099,Daily,EURUSD,2020-05-16T16:21:33.813
Euro Area,Currency,2019-08-21T00:00:00,1.1083,Daily,EURUSD,2020-05-16T16:21:33.813
Euro Area,Currency,2019-08-22T00:00:00,1.1078,Daily,EURUSD,2020-05-16T16:21:33.813
Euro Area,Currency,2019-08-23T00:00:00,1.1144,Daily,EURUSD,2020-05-16T16:21:33.813
Euro Area,Currency,2019-08-25T00:00:00,1.1144,Daily,EURUSD,2020-05-16T16:21:33.813
Euro Area,Currency,2019-08-26T00:00:00,1.11,Daily,EURUSD,2020-05-16T16:21:33.813
Euro Area,Currency,2019-08-27T00:00:00,1.109,Daily,EURUSD,2020-05-16T16:21:33.813
Euro Area,Currency,2019-08-28T00:00:00,1.1077,Daily,EURUSD,2020-05-16T16:21:33.813
Euro Area,Currency,2019-08-29T00:00:00,1.1055,Daily,EURUSD,2020-05-16T16:21:33.813
Euro Area,Currency,2019-08-30T00:00:00,1.0989,Daily,EURUSD,2020-05-16T16:21:33.813
Euro Area,Currency,2019-09-01T00:00:00,1.0991,Daily,EURUSD,2020-05-16T16:21:33.813
Euro Area,Currency,2019-09-02T00:00:00,1.0966,Daily,EURUSD,2020-05-16T16:21:33.813
Euro Area,Currency,2019-09-03T00:00:00,1.0972,Daily,EURUSD,2020-05-16T16:21:33.813
Euro Area,Currency,2019-09-04T00:00:00,1.1033,Daily,EURUSD,2020-05-16T16:21:33.813
Euro Area,Currency,2019-09-05T00:00:00,1.1033,Daily,EURUSD,2020-05-16T16:21:33.813
Euro Area,Currency,2019-09-06T00:00:00,1.1027,Daily,EURUSD,2020-05-16T16:21:33.813
Euro Area,Currency,2019-09-08T00:00:00,1.1024,Daily,EURUSD,2020-05-16T16:21:33.813
Euro Area,Currency,2019-09-09T00:00:00,1.1046,Daily,EURUSD,2020-05-16T16:21:33.813
Euro Area,Currency,2019-09-10T00:00:00,1.1043,Daily,EURUSD,2020-05-16T16:21:33.813
Euro Area,Currency,2019-09-11T00:00:00,1.1009,Daily,EURUSD,2020-05-16T16:21:33.813
Euro Area,Currency,2019-09-12T00:00:00,1.1061,Daily,EURUSD,2020-05-16T16:21:33.813
Euro Area,Currency,2019-09-13T00:00:00,1.1073,Daily,EURUSD,2020-05-16T16:21:33.813
Euro Area,Currency,2019-09-15T00:00:00,1.1085,Daily,EURUSD,2020-05-16T16:21:33.813
Euro Area,Currency,2019-09-16T00:00:00,1.1,Daily,EURUSD,2020-05-16T16:21:33.813
Euro Area,Currency,2019-09-17T00:00:00,1.1071,Daily,EURUSD,2020-05-16T16:21:33.813
Euro Area,Currency,2019-09-18T00:00:00,1.1029,Daily,EURUSD,2020-05-16T16:21:33.813
Euro Area,Currency,2019-09-19T00:00:00,1.104,Daily,EURUSD,2020-05-16T16:21:33.813
Euro Area,Currency,2019-09-20T00:00:00,1.1017,Daily,EURUSD,2020-05-16T16:21:33.813
Euro Area,Currency,2019-09-22T00:00:00,1.1018,Daily,EURUSD,2020-05-16T16:21:33.813
Euro Area,Currency,2019-09-23T00:00:00,1.0991,Daily,EURUSD,2020-05-16T16:21:33.813
Euro Area,Currency,2019-09-24T00:00:00,1.1018,Daily,EURUSD,2020-05-16T16:21:33.813
Euro Area,Currency,2019-09-25T00:00:00,1.0941,Daily,EURUSD,2020-05-16T16:21:33.813
Euro Area,Currency,2019-09-26T00:00:00,1.0921,Daily,EURUSD,2020-05-16T16:21:33.813
Euro Area,Currency,2019-09-27T00:00:00,1.0938,Daily,EURUSD,2020-05-16T16:21:33.813
Euro Area,Currency,2019-09-29T00:00:00,1.0943,Daily,EURUSD,2020-05-16T16:21:33.813
Euro Area,Currency,2019-09-30T00:00:00,1.0898,Daily,EURUSD,2020-05-16T16:21:33.813
Euro Area,Currency,2019-10-01T00:00:00,1.093,Daily,EURUSD,2020-05-16T16:21:33.813
Euro Area,Currency,2019-10-02T00:00:00,1.0958,Daily,EURUSD,2020-05-16T16:21:33.813
Euro Area,Currency,2019-10-03T00:00:00,1.0964,Daily,EURUSD,2020-05-16T16:21:33.813
Euro Area,Currency,2019-10-04T00:00:00,1.0976,Daily,EURUSD,2020-05-16T16:21:33.813
Euro Area,Currency,2019-10-06T00:00:00,1.0983,Daily,EURUSD,2020-05-16T16:21:33.813
Euro Area,Currency,2019-10-07T00:00:00,1.097,Daily,EURUSD,2020-05-16T16:21:33.813
Euro Area,Currency,2019-10-08T00:00:00,1.0954,Daily,EURUSD,2020-05-16T16:21:33.813
Euro Area,Currency,2019-10-09T00:00:00,1.0969,Daily,EURUSD,2020-05-16T16:21:33.813
Euro Area,Currency,2019-10-10T00:00:00,1.1004,Daily,EURUSD,2020-05-16T16:21:33.813
Euro Area,Currency,2019-10-11T00:00:00,1.104,Daily,EURUSD,2020-05-16T16:21:33.813
Euro Area,Currency,2019-10-13T00:00:00,1.1026,Daily,EURUSD,2020-05-16T16:21:33.813
Euro Area,Currency,2019-10-14T00:00:00,1.1028,Daily,EURUSD,2020-05-16T16:21:33.813
Euro Area,Currency,2019-10-15T00:00:00,1.1031,Daily,EURUSD,2020-05-16T16:21:33.813
Euro Area,Currency,2019-10-16T00:00:00,1.107,Daily,EURUSD,2020-05-16T16:21:33.813
Euro Area,Currency,2019-10-17T00:00:00,1.1122,Daily,EURUSD,2020-05-16T16:21:33.813
Euro Area,Currency,2019-10-18T00:00:00,1.117,Daily,EURUSD,2020-05-16T16:21:33.813
Euro Area,Currency,2019-10-20T00:00:00,1.1153,Daily,EURUSD,2020-05-16T16:21:33.813
Euro Area,Currency,2019-10-21T00:00:00,1.1148,Daily,EURUSD,2020-05-16T16:21:33.813
Euro Area,Currency,2019-10-22T00:00:00,1.1124,Daily,EURUSD,2020-05-16T16:21:33.813
Euro Area,Currency,2019-10-23T00:00:00,1.1129,Daily,EURUSD,2020-05-16T16:21:33.813
Euro Area,Currency,2019-10-24T00:00:00,1.1104,Daily,EURUSD,2020-05-16T16:21:33.813
Euro Area,Currency,2019-10-25T00:00:00,1.1078,Daily,EURUSD,2020-05-16T16:21:33.813
Euro Area,Currency,2019-10-27T00:00:00,1.1082,Daily,EURUSD,2020-05-16T16:21:33.813
Euro Area,Currency,2019-10-28T00:00:00,1.1098,Daily,EURUSD,2020-05-16T16:21:33.813
Euro Area,Currency,2019-10-29T00:00:00,1.111,Daily,EURUSD,2020-05-16T16:21:33.813
Euro Area,Currency,2019-10-30T00:00:00,1.1148,Daily,EURUSD,2020-05-16T16:21:33.813
Euro Area,Currency,2019-10-31T00:00:00,1.115,Daily,EURUSD,2020-05-16T16:21:33.813
Euro Area,Currency,2019-11-01T00:00:00,1.1165,Daily,EURUSD,2020-05-16T16:21:33.813
Euro Area,Currency,2019-11-03T00:00:00,1.1167,Daily,EURUSD,2020-05-16T16:21:33.813
Euro Area,Currency,2019-11-04T00:00:00,1.1126,Daily,EURUSD,2020-05-16T16:21:33.813
Euro Area,Currency,2019-11-05T00:00:00,1.1074,Daily,EURUSD,2020-05-16T16:21:33.813
Euro Area,Currency,2019-11-06T00:00:00,1.1065,Daily,EURUSD,2020-05-16T16:21:33.813
Euro Area,Currency,2019-11-07T00:00:00,1.1049,Daily,EURUSD,2020-05-16T16:21:33.813
Euro Area,Currency,2019-11-08T00:00:00,1.1016,Daily,EURUSD,2020-05-16T16:21:33.813
Euro Area,Currency,2019-11-10T00:00:00,1.1023,Daily,EURUSD,2020-05-16T16:21:33.813
Euro Area,Currency,2019-11-11T00:00:00,1.1032,Daily,EURUSD,2020-05-16T16:21:33.813
Euro Area,Currency,2019-11-12T00:00:00,1.1007,Daily,EURUSD,2020-05-16T16:21:33.813
Euro Area,Currency,2019-11-13T00:00:00,1.1006,Daily,EURUSD,2020-05-16T16:21:33.813
Euro Area,Currency,2019-11-14T00:00:00,1.102,Daily,EURUSD,2020-05-16T16:21:33.813
Euro Area,Currency,2019-11-15T00:00:00,1.1053,Daily,EURUSD,2020-05-16T16:21:33.813
Euro Area,Currency,2019-11-17T00:00:00,1.1053,Daily,EURUSD,2020-05-16T16:21:33.813
Euro Area,Currency,2019-11-18T00:00:00,1.1073,Daily,EURUSD,2020-05-16T16:21:33.813
Euro Area,Currency,2019-11-19T00:00:00,1.1078,Daily,EURUSD,2020-05-16T16:21:33.813
Euro Area,Currency,2019-11-20T00:00:00,1.1078,Daily,EURUSD,2020-05-16T16:21:33.813
Euro Area,Currency,2019-11-21T00:00:00,1.1065,Daily,EURUSD,2020-05-16T16:21:33.813
Euro Area,Currency,2019-11-22T00:00:00,1.1019,Daily,EURUSD,2020-05-16T16:21:33.813
Euro Area,Currency,2019-11-24T00:00:00,1.1021,Daily,EURUSD,2020-05-16T16:21:33.813
Euro Area,Currency,2019-11-25T00:00:00,1.1011,Daily,EURUSD,2020-05-16T16:21:33.813
Euro Area,Currency,2019-11-26T00:00:00,1.1022,Daily,EURUSD,2020-05-16T16:21:33.813
Euro Area,Currency,2019-11-27T00:00:00,1.1006,Daily,EURUSD,2020-05-16T16:21:33.813
Euro Area,Currency,2019-11-28T00:00:00,1.1012,Daily,EURUSD,2020-05-16T16:21:33.813
Euro Area,Currency,2019-11-29T00:00:00,1.1015,Daily,EURUSD,2020-05-16T16:21:33.813
Euro Area,Currency,2019-12-01T00:00:00,1.1018,Daily,EURUSD,2020-05-16T16:21:33.813
Euro Area,Currency,2019-12-02T00:00:00,1.1076,Daily,EURUSD,2020-05-16T16:21:33.813
Euro Area,Currency,2019-12-03T00:00:00,1.1081,Daily,EURUSD,2020-05-16T16:21:33.813
Euro Area,Currency,2019-12-04T00:00:00,1.1082,Daily,EURUSD,2020-05-16T16:21:33.813
Euro Area,Currency,2019-12-05T00:00:00,1.1105,Daily,EURUSD,2020-05-16T16:21:33.813
Euro Area,Currency,2019-12-06T00:00:00,1.1061,Daily,EURUSD,2020-05-16T16:21:33.813
Euro Area,Currency,2019-12-08T00:00:00,1.106,Daily,EURUSD,2020-05-16T16:21:33.813
Euro Area,Currency,2019-12-09T00:00:00,1.1063,Daily,EURUSD,2020-05-16T16:21:33.813
Euro Area,Currency,2019-12-10T00:00:00,1.1094,Daily,EURUSD,2020-05-16T16:21:33.813
Euro Area,Currency,2019-12-11T00:00:00,1.1133,Daily,EURUSD,2020-05-16T16:21:33.813
Euro Area,Currency,2019-12-12T00:00:00,1.1186,Daily,EURUSD,2020-05-16T16:21:33.813
Euro Area,Currency,2019-12-13T00:00:00,1.1119,Daily,EURUSD,2020-05-16T16:21:33.813
Euro Area,Currency,2019-12-15T00:00:00,1.1126,Daily,EURUSD,2020-05-16T16:21:33.813
Euro Area,Currency,2019-12-16T00:00:00,1.1137,Daily,EURUSD,2020-05-16T16:21:33.813
Euro Area,Currency,2019-12-17T00:00:00,1.1152,Daily,EURUSD,2020-05-16T16:21:33.813
Euro Area,Currency,2019-12-18T00:00:00,1.1117,Daily,EURUSD,2020-05-16T16:21:33.813
Euro Area,Currency,2019-12-19T00:00:00,1.1124,Daily,EURUSD,2020-05-16T16:21:33.813
Euro Area,Currency,2019-12-20T00:00:00,1.1076,Daily,EURUSD,2020-05-16T16:21:33.813
Euro Area,Currency,2019-12-22T00:00:00,1.1078,Daily,EURUSD,2020-05-16T16:21:33.813
Euro Area,Currency,2019-12-23T00:00:00,1.1092,Daily,EURUSD,2020-05-16T16:21:33.813
Euro Area,Currency,2019-12-24T00:00:00,1.1084,Daily,EURUSD,2020-05-16T16:21:33.813
Euro Area,Currency,2019-12-26T00:00:00,1.11,Daily,EURUSD,2020-05-16T16:21:33.813
Euro Area,Currency,2019-12-27T00:00:00,1.1171,Daily,EURUSD,2020-05-16T16:21:33.813
Euro Area,Currency,2019-12-29T00:00:00,1.1182,Daily,EURUSD,2020-05-16T16:21:33.813
Euro Area,Currency,2019-12-30T00:00:00,1.1202,Daily,EURUSD,2020-05-16T16:21:33.813
Euro Area,Currency,2019-12-31T00:00:00,1.1217,Daily,EURUSD,2020-05-16T16:21:33.813
Euro Area,Currency,2020-01-02T00:00:00,1.1171,Daily,EURUSD,2020-05-16T16:21:33.813
Euro Area,Currency,2020-01-03T00:00:00,1.1159,Daily,EURUSD,2020-05-16T16:21:33.813
Euro Area,Currency,2020-01-05T00:00:00,1.1165,Daily,EURUSD,2020-05-16T16:21:33.813
Euro Area,Currency,2020-01-06T00:00:00,1.1194,Daily,EURUSD,2020-05-16T16:21:33.813
Euro Area,Currency,2020-01-07T00:00:00,1.1149,Daily,EURUSD,2020-05-16T16:21:33.813
Euro Area,Currency,2020-01-08T00:00:00,1.1111,Daily,EURUSD,2020-05-16T16:21:33.813
Euro Area,Currency,2020-01-09T00:00:00,1.1107,Daily,EURUSD,2020-05-16T16:21:33.813
Euro Area,Currency,2020-01-10T00:00:00,1.1121,Daily,EURUSD,2020-05-16T16:21:33.813
Euro Area,Currency,2020-01-12T00:00:00,1.1116,Daily,EURUSD,2020-05-16T16:21:33.813
Euro Area,Currency,2020-01-13T00:00:00,1.1136,Daily,EURUSD,2020-05-16T16:21:33.813
Euro Area,Currency,2020-01-14T00:00:00,1.1127,Daily,EURUSD,2020-05-16T16:21:33.813
Euro Area,Currency,2020-01-15T00:00:00,1.1152,Daily,EURUSD,2020-05-16T16:21:33.813
Euro Area,Currency,2020-01-16T00:00:00,1.1137,Daily,EURUSD,2020-05-16T16:21:33.813
Euro Area,Currency,2020-01-17T00:00:00,1.1089,Daily,EURUSD,2020-05-16T16:21:33.813
Euro Area,Currency,2020-01-19T00:00:00,1.1092,Daily,EURUSD,2020-05-16T16:21:33.813
Euro Area,Currency,2020-01-20T00:00:00,1.1096,Daily,EURUSD,2020-05-16T16:21:33.813
Euro Area,Currency,2020-01-21T00:00:00,1.1085,Daily,EURUSD,2020-05-16T16:21:33.813
Euro Area,Currency,2020-01-22T00:00:00,1.1095,Daily,EURUSD,2020-05-16T16:21:33.813
Euro Area,Currency,2020-01-23T00:00:00,1.1054,Daily,EURUSD,2020-05-16T16:21:33.813
Euro Area,Currency,2020-01-24T00:00:00,1.1025,Daily,EURUSD,2020-05-16T16:21:33.813
Euro Area,Currency,2020-01-26T00:00:00,1.103,Daily,EURUSD,2020-05-16T16:21:33.813
Euro Area,Currency,2020-01-27T00:00:00,1.102,Daily,EURUSD,2020-05-16T16:21:33.813
Euro Area,Currency,2020-01-28T00:00:00,1.1022,Daily,EURUSD,2020-05-16T16:21:33.813
Euro Area,Currency,2020-01-29T00:00:00,1.1016,Daily,EURUSD,2020-05-16T16:21:33.813
Euro Area,Currency,2020-01-30T00:00:00,1.103,Daily,EURUSD,2020-05-16T16:21:33.813
Euro Area,Currency,2020-01-31T00:00:00,1.1095,Daily,EURUSD,2020-05-16T16:21:33.813
Euro Area,Currency,2020-02-02T00:00:00,1.1089,Daily,EURUSD,2020-05-16T16:21:33.813
Euro Area,Currency,2020-02-03T00:00:00,1.1063,Daily,EURUSD,2020-05-16T16:21:33.813
Euro Area,Currency,2020-02-04T00:00:00,1.1045,Daily,EURUSD,2020-05-16T16:21:33.813
Euro Area,Currency,2020-02-05T00:00:00,1.1,Daily,EURUSD,2020-05-16T16:21:33.813
Euro Area,Currency,2020-02-06T00:00:00,1.098,Daily,EURUSD,2020-05-16T16:21:33.813
Euro Area,Currency,2020-02-07T00:00:00,1.0946,Daily,EURUSD,2020-05-16T16:21:33.813
Euro Area,Currency,2020-02-09T00:00:00,1.0944,Daily,EURUSD,2020-05-16T16:21:33.813
Euro Area,Currency,2020-02-10T00:00:00,1.0909,Daily,EURUSD,2020-05-16T16:21:33.813
Euro Area,Currency,2020-02-11T00:00:00,1.0919,Daily,EURUSD,2020-05-16T16:21:33.813
Euro Area,Currency,2020-02-12T00:00:00,1.0871,Daily,EURUSD,2020-05-16T16:21:33.813
Euro Area,Currency,2020-02-13T00:00:00,1.0841,Daily,EURUSD,2020-05-16T16:21:33.813
Euro Area,Currency,2020-02-14T00:00:00,1.0829,Daily,EURUSD,2020-05-16T16:21:33.813
Euro Area,Currency,2020-02-16T00:00:00,1.0841,Daily,EURUSD,2020-05-16T16:21:33.813
Euro Area,Currency,2020-02-17T00:00:00,1.0835,Daily,EURUSD,2020-05-16T16:21:33.813
Euro Area,Currency,2020-02-18T00:00:00,1.0804,Daily,EURUSD,2020-05-16T16:21:33.813
Euro Area,Currency,2020-02-19T00:00:00,1.0808,Daily,EURUSD,2020-05-16T16:21:33.813
Euro Area,Currency,2020-02-20T00:00:00,1.0788,Daily,EURUSD,2020-05-16T16:21:33.813
Euro Area,Currency,2020-02-21T00:00:00,1.0842,Daily,EURUSD,2020-05-16T16:21:33.813
Euro Area,Currency,2020-02-23T00:00:00,1.0838,Daily,EURUSD,2020-05-16T16:21:33.813
Euro Area,Currency,2020-02-24T00:00:00,1.0852,Daily,EURUSD,2020-05-16T16:21:33.813
Euro Area,Currency,2020-02-25T00:00:00,1.0878,Daily,EURUSD,2020-05-16T16:21:33.813
Euro Area,Currency,2020-02-26T00:00:00,1.0883,Daily,EURUSD,2020-05-16T16:21:33.813
Euro Area,Currency,2020-02-27T00:00:00,1.1,Daily,EURUSD,2020-05-16T16:21:33.813
Euro Area,Currency,2020-02-28T00:00:00,1.1022,Daily,EURUSD,2020-05-16T16:21:33.813
Euro Area,Currency,2020-03-01T00:00:00,1.1054,Daily,EURUSD,2020-05-16T16:21:33.813
Euro Area,Currency,2020-03-02T00:00:00,1.1148,Daily,EURUSD,2020-05-16T16:21:33.813
Euro Area,Currency,2020-03-03T00:00:00,1.1179,Daily,EURUSD,2020-05-16T16:21:33.813
Euro Area,Currency,2020-03-04T00:00:00,1.1138,Daily,EURUSD,2020-05-16T16:21:33.813
Euro Area,Currency,2020-03-05T00:00:00,1.1227,Daily,EURUSD,2020-05-16T16:21:33.813
Euro Area,Currency,2020-03-06T00:00:00,1.1288,Daily,EURUSD,2020-05-16T16:21:33.813
Euro Area,Currency,2020-03-08T00:00:00,1.1382,Daily,EURUSD,2020-05-16T16:21:33.813
Euro Area,Currency,2020-03-09T00:00:00,1.1407,Daily,EURUSD,2020-05-16T16:21:33.813
Euro Area,Currency,2020-03-10T00:00:00,1.1309,Daily,EURUSD,2020-05-16T16:21:33.813
Euro Area,Currency,2020-03-11T00:00:00,1.1259,Daily,EURUSD,2020-05-16T16:21:33.813
Euro Area,Currency,2020-03-12T00:00:00,1.1185,Daily,EURUSD,2020-05-16T16:21:33.813
Euro Area,Currency,2020-03-13T00:00:00,1.1105,Daily,EURUSD,2020-05-16T16:21:33.813
Euro Area,Currency,2020-03-15T00:00:00,1.1193,Daily,EURUSD,2020-05-16T16:21:33.813
Euro Area,Currency,2020-03-16T00:00:00,1.1159,Daily,EURUSD,2020-05-16T16:21:33.813
Euro Area,Currency,2020-03-17T00:00:00,1.1016,Daily,EURUSD,2020-05-16T16:21:33.813
Euro Area,Currency,2020-03-18T00:00:00,1.0955,Daily,EURUSD,2020-05-16T16:21:33.813
Euro Area,Currency,2020-03-19T00:00:00,1.0661,Daily,EURUSD,2020-05-16T16:21:33.813
Euro Area,Currency,2020-03-20T00:00:00,1.0698,Daily,EURUSD,2020-05-16T16:21:33.813
Euro Area,Currency,2020-03-22T00:00:00,1.0685,Daily,EURUSD,2020-05-16T16:21:33.813
Euro Area,Currency,2020-03-23T00:00:00,1.0763,Daily,EURUSD,2020-05-16T16:21:33.813
Euro Area,Currency,2020-03-24T00:00:00,1.0808,Daily,EURUSD,2020-05-16T16:21:33.813
Euro Area,Currency,2020-03-25T00:00:00,1.0886,Daily,EURUSD,2020-05-16T16:21:33.813
Euro Area,Currency,2020-03-26T00:00:00,1.1052,Daily,EURUSD,2020-05-16T16:21:33.813
Euro Area,Currency,2020-03-27T00:00:00,1.1135,Daily,EURUSD,2020-05-16T16:21:33.813
Euro Area,Currency,2020-03-29T00:00:00,1.1127,Daily,EURUSD,2020-05-16T16:21:33.813
Euro Area,Currency,2020-03-30T00:00:00,1.1027,Daily,EURUSD,2020-05-16T16:21:33.813
Euro Area,Currency,2020-03-31T00:00:00,1.1033,Daily,EURUSD,2020-05-16T16:21:33.813
Euro Area,Currency,2020-04-01T00:00:00,1.095,Daily,EURUSD,2020-05-16T16:21:33.813
Euro Area,Currency,2020-04-02T00:00:00,1.0846,Daily,EURUSD,2020-05-16T16:21:33.813
Euro Area,Currency,2020-04-03T00:00:00,1.0807,Daily,EURUSD,2020-05-16T16:21:33.813
Euro Area,Currency,2020-04-05T00:00:00,1.0812,Daily,EURUSD,2020-05-16T16:21:33.813
Euro Area,Currency,2020-04-06T00:00:00,1.0798,Daily,EURUSD,2020-05-16T16:21:33.813
Euro Area,Currency,2020-04-07T00:00:00,1.09,Daily,EURUSD,2020-05-16T16:21:33.813
Euro Area,Currency,2020-04-08T00:00:00,1.0859,Daily,EURUSD,2020-05-16T16:21:33.813
Euro Area,Currency,2020-04-09T00:00:00,1.0925,Daily,EURUSD,2020-05-16T16:21:33.813
Euro Area,Currency,2020-04-10T00:00:00,1.0933,Daily,EURUSD,2020-05-16T16:21:33.813
Euro Area,Currency,2020-04-12T00:00:00,1.0935,Daily,EURUSD,2020-05-16T16:21:33.813
Euro Area,Currency,2020-04-13T00:00:00,1.0919,Daily,EURUSD,2020-05-16T16:21:33.813
Euro Area,Currency,2020-04-14T00:00:00,1.0987,Daily,EURUSD,2020-05-16T16:21:33.813
Euro Area,Currency,2020-04-15T00:00:00,1.0905,Daily,EURUSD,2020-05-16T16:21:33.813
Euro Area,Currency,2020-04-16T00:00:00,1.0865,Daily,EURUSD,2020-05-16T16:21:33.813
Euro Area,Currency,2020-04-17T00:00:00,1.08694,Daily,EURUSD,2020-05-16T16:21:33.813
Euro Area,Currency,2020-04-19T00:00:00,1.08683,Daily,EURUSD,2020-05-16T16:21:33.813
Euro Area,Currency,2020-04-20T00:00:00,1.08636,Daily,EURUSD,2020-05-16T16:21:33.813
Euro Area,Currency,2020-04-21T00:00:00,1.08562,Daily,EURUSD,2020-05-16T16:21:33.813
Euro Area,Currency,2020-04-22T00:00:00,1.08108,Daily,EURUSD,2020-05-16T16:21:33.813
Euro Area,Currency,2020-04-23T00:00:00,1.07753,Daily,EURUSD,2020-05-16T16:21:33.813
Euro Area,Currency,2020-04-24T00:00:00,1.08239,Daily,EURUSD,2020-05-16T16:21:33.813
Euro Area,Currency,2020-04-26T00:00:00,1.08185,Daily,EURUSD,2020-05-16T16:21:33.813
Euro Area,Currency,2020-04-27T00:00:00,1.08237,Daily,EURUSD,2020-05-16T16:21:33.813
Euro Area,Currency,2020-04-28T00:00:00,1.0829,Daily,EURUSD,2020-05-16T16:21:33.813
Euro Area,Currency,2020-04-29T00:00:00,1.0878,Daily,EURUSD,2020-05-16T16:21:33.813
Euro Area,Currency,2020-04-30T00:00:00,1.09429,Daily,EURUSD,2020-05-16T16:21:33.813
Euro Area,Currency,2020-05-01T00:00:00,1.09706,Daily,EURUSD,2020-05-16T16:21:33.813
Euro Area,Currency,2020-05-03T00:00:00,1.09616,Daily,EURUSD,2020-05-16T16:21:33.813
Euro Area,Currency,2020-05-04T00:00:00,1.0903,Daily,EURUSD,2020-05-16T16:21:33.813
Euro Area,Currency,2020-05-05T00:00:00,1.08381,Daily,EURUSD,2020-05-16T16:21:33.813
Euro Area,Currency,2020-05-06T00:00:00,1.07941,Daily,EURUSD,2020-05-16T16:21:33.813
Euro Area,Currency,2020-05-07T00:00:00,1.08334,Daily,EURUSD,2020-05-16T16:21:33.813
Euro Area,Currency,2020-05-08T00:00:00,1.08403,Daily,EURUSD,2020-05-16T16:21:33.813
Euro Area,Currency,2020-05-10T00:00:00,1.08352,Daily,EURUSD,2020-05-16T16:21:33.813
Euro Area,Currency,2020-05-11T00:00:00,1.0808,Daily,EURUSD,2020-05-16T16:21:33.813
Euro Area,Currency,2020-05-12T00:00:00,1.08487,Daily,EURUSD,2020-05-16T16:21:33.813
Euro Area,Currency,2020-05-13T00:00:00,1.08196,Daily,EURUSD,2020-05-16T16:21:33.813
Euro Area,Currency,2020-05-14T00:00:00,1.08074,Daily,EURUSD,2020-05-16T16:21:33.813
Euro Area,Currency,2020-05-15T00:00:00,1.08161,Daily,EURUSD,2020-05-16T16:21:33.813
